"","ID","hour0","hour1","hour10","hour11","hour12","hour13","hour14","hour15","hour16","hour17","hour18","hour19","hour2","hour20","hour21","hour22","hour23","hour3","hour4","hour5","hour6","hour7","hour8","hour9"
"1",1,"29","41","1","1","1","3","1","1","1","1","4","4","1","1","1","1","6","50","48","18","75","1","1","1"
"2",2,"68","2","1","1","1","1","1","2","2","4","1","1","5","1","1","1","37","25","6","9","54","1","1","1"
"3",3,"46","59","1","1","1","2","1","1","1","1","3","2","22","2","1","2","77","46","37","46","8","1","1","1"
"4",4,"37","38","1","1","1","3","1","1","1","1","4","4","70","1","1","1","78","39","5","61","70","1","1","1"
"5",5,"50","57","1","1","1","1","1","2","4","2","1","1","45","1","1","1","61","11","3","65","11","1","1","1"
"6",6,"24","22","1","1","1","3","1","1","6","1","4","4","61","1","1","11","61","7","6","18","26","1","1","1"
"7",7,"3","7","1","1","1","3","1","1","6","1","4","4","55","1","1","20","5","24","27","17","23","1","1","1"
"8",8,"70","72","1","1","1","3","1","1","6","1","4","4","12","1","1","1","2","39","9","1","10","1","1","1"
"9",9,"70","38","1","1","1","5","1","1","1","1","2","3","49","1","1","1","3","27","6","1","34","1","1","1"
"10",10,"58","63","1","1","1","5","1","1","1","1","2","3","51","1","1","1","15","56","28","30","63","1","1","1"
"11",11,"48","80","1","1","1","3","1","1","1","1","4","4","63","1","1","1","67","42","55","40","17","1","1","1"
"12",12,"19","27","1","1","1","3","1","1","1","1","4","4","30","1","1","1","2","63","5","33","42","1","1","1"
"13",13,"31","35","1","1","1","3","1","1","1","1","4","4","51","1","1","1","16","45","29","19","30","1","1","1"
"14",14,"5","38","1","1","1","3","1","1","1","1","4","4","60","1","1","1","77","31","48","4","4","1","1","1"
"15",15,"8","70","1","1","1","3","1","1","1","1","4","4","61","1","1","1","16","35","31","10","4","1","1","1"
"16",16,"51","83","1","1","1","3","1","1","1","1","4","4","38","1","1","1","20","34","36","35","59","1","1","1"
"17",17,"64","38","1","1","1","3","1","1","1","1","4","4","28","1","1","4","12","65","16","1","25","1","1","1"
"18",18,"36","38","1","1","1","3","1","1","1","1","2","3","68","1","1","1","23","26","37","42","60","1","1","1"
"19",19,"26","72","1","1","1","3","1","1","1","1","4","4","6","1","1","1","78","26","32","31","49","1","1","1"
"20",20,"32","76","1","1","1","3","1","1","6","1","4","4","31","1","1","20","33","42","15","59","7","1","1","1"
"21",21,"26","14","1","1","1","3","1","1","1","1","4","4","41","1","1","1","32","57","7","3","16","1","1","1"
"22",22,"69","67","1","1","1","3","1","1","1","1","4","4","60","1","1","1","23","31","30","4","33","1","1","1"
"23",23,"51","53","1","1","1","3","1","1","1","1","4","4","6","1","1","1","33","31","52","25","4","1","1","1"
"24",24,"44","59","1","1","1","3","1","1","1","1","4","4","1","1","11","1","2","17","22","25","3","1","1","1"
"25",25,"44","20","1","1","1","3","1","1","1","1","4","4","30","1","3","1","9","57","13","33","39","1","1","1"
"26",26,"67","56","1","1","1","3","1","1","1","1","4","4","75","1","1","1","33","8","5","11","11","1","1","1"
"27",27,"33","27","1","1","1","3","1","1","1","1","2","4","39","1","1","17","27","3","12","4","1","1","1","1"
"28",28,"3","62","1","1","1","3","1","1","1","1","4","4","32","1","1","1","2","12","16","23","1","1","1","1"
"29",29,"41","7","1","1","1","1","1","3","2","4","5","1","22","1","1","1","54","52","28","30","22","1","1","1"
"30",30,"2","19","1","1","1","2","1","1","1","1","3","4","1","1","1","13","24","30","38","16","2","1","1","1"
"31",31,"76","11","1","1","1","2","1","4","1","1","3","2","1","1","3","2","14","3","7","23","14","1","1","1"
"32",32,"37","60","1","1","1","2","1","1","1","1","3","2","53","1","2","1","25","13","11","21","2","1","1","1"
"33",33,"8","80","1","2","2","2","2","4","3","3","3","2","7","2","2","2","48","32","7","55","27","1","1","1"
"34",34,"49","81","1","1","1","3","1","1","6","1","4","4","34","1","1","13","48","64","17","27","68","1","1","1"
"35",35,"34","82","1","1","1","1","1","3","2","4","5","1","49","1","1","1","48","38","23","22","1","1","1","1"
"36",36,"22","27","1","1","1","1","1","2","5","2","1","1","6","1","1","3","2","2","25","37","54","1","1","1"
"37",37,"71","3","1","1","1","1","1","2","2","4","1","1","7","1","1","3","21","39","17","40","13","1","1","1"
"38",38,"20","42","1","1","1","2","1","4","3","3","3","2","26","1","2","14","76","51","55","51","2","1","1","1"
"39",39,"34","34","1","1","2","2","2","4","3","3","3","2","70","1","1","2","2","57","9","9","14","1","1","1"
"40",40,"9","54","1","1","1","2","1","1","1","1","3","2","20","1","8","1","2","30","15","59","8","1","1","1"
"41",41,"3","34","1","1","1","2","1","1","1","1","3","2","26","1","1","2","30","24","35","34","28","1","1","1"
"42",42,"24","23","1","1","1","3","1","1","6","1","4","4","6","1","1","1","15","24","33","4","5","1","1","1"
"43",43,"60","31","1","1","1","1","1","1","1","1","4","1","7","1","1","1","62","27","11","6","31","1","1","1"
"44",44,"14","53","1","1","1","3","1","1","6","1","4","4","21","1","1","1","5","43","10","18","4","1","1","1"
"45",45,"45","63","2","5","2","2","2","4","3","3","3","2","38","2","10","2","32","32","50","59","21","1","1","1"
"46",46,"41","61","1","1","1","3","1","3","6","4","4","4","54","1","1","1","71","39","11","1","14","1","1","1"
"47",47,"31","72","1","1","1","3","1","1","1","1","2","2","31","1","1","1","13","14","7","20","43","1","1","1"
"48",48,"36","18","1","1","1","1","1","3","2","4","1","1","43","1","1","1","2","3","22","20","26","1","1","1"
"49",49,"31","7","7","1","1","2","1","1","3","3","3","2","49","1","13","2","2","56","8","10","26","1","1","1"
"50",50,"36","39","1","1","1","2","1","1","1","1","2","4","32","1","14","1","50","41","18","40","53","1","1","1"
"51",51,"8","44","1","1","1","2","1","1","1","1","3","2","11","1","1","1","4","5","51","27","19","1","1","1"
"52",52,"13","27","1","1","1","3","1","5","1","1","4","1","10","1","1","1","36","51","16","30","53","5","1","1"
"53",53,"40","89","1","1","1","2","1","1","1","1","2","3","37","1","1","2","40","59","43","53","27","1","1","1"
"54",54,"14","88","1","1","1","2","1","1","1","1","2","2","57","1","1","2","2","3","4","9","15","1","1","1"
"55",55,"4","50","1","1","1","3","1","1","6","1","4","4","45","1","1","1","2","2","2","28","8","1","1","1"
"56",56,"35","2","1","1","1","3","1","1","1","1","4","4","30","1","1","10","30","33","10","4","44","1","1","1"
"57",57,"20","23","1","1","1","2","1","1","3","1","3","2","13","1","8","1","31","22","56","6","3","1","1","1"
"58",58,"8","10","1","1","1","3","1","1","6","1","4","4","3","1","1","1","2","22","12","19","7","1","1","1"
"59",59,"14","31","1","1","1","5","1","1","1","1","2","3","26","1","1","1","26","46","2","24","58","1","1","1"
"60",60,"30","28","1","1","1","5","1","5","1","1","2","3","8","1","1","1","63","45","6","11","25","1","1","1"
"61",61,"22","28","1","1","1","2","1","1","1","1","3","2","30","1","1","2","40","42","37","20","26","8","1","1"
"62",62,"48","13","1","1","1","3","1","1","1","1","4","4","26","1","1","1","2","33","27","30","33","1","1","1"
"63",63,"77","53","1","1","1","3","1","1","1","1","4","4","38","1","1","13","77","32","6","8","25","1","1","1"
"64",64,"20","31","1","1","1","2","1","1","1","1","2","4","75","1","1","1","30","35","3","5","7","1","1","1"
"65",65,"64","4","1","1","1","3","1","1","1","1","2","4","37","1","1","1","71","1","8","20","5","1","1","1"
"66",66,"60","9","1","1","1","3","1","1","1","1","4","3","20","1","1","5","55","44","17","24","24","1","1","1"
"67",67,"2","18","1","1","1","3","1","1","1","1","4","4","59","1","1","1","3","21","30","2","7","1","1","1"
"68",68,"9","65","1","1","1","3","1","1","1","1","3","4","14","1","1","1","31","59","44","51","6","1","1","1"
"69",69,"16","48","1","1","1","2","1","1","1","1","2","2","3","1","1","1","24","28","22","31","20","1","1","1"
"70",70,"33","82","1","1","1","2","1","1","1","1","2","4","2","1","1","1","35","24","15","55","34","1","1","1"
"71",71,"28","65","1","1","1","2","1","1","1","1","3","2","47","1","1","1","2","47","21","14","10","1","1","1"
"72",72,"71","13","1","1","1","4","1","5","4","2","1","1","48","1","1","1","30","65","14","40","3","1","1","1"
"73",73,"75","38","1","1","1","2","1","1","1","1","3","2","50","1","1","1","2","20","48","23","45","1","1","1"
"74",74,"4","15","1","1","1","3","1","1","6","1","4","4","11","1","1","26","76","36","22","51","3","1","1","1"
"75",75,"45","44","1","1","1","3","1","1","1","1","4","4","25","1","5","1","16","20","35","41","5","1","1","1"
"76",76,"43","14","1","1","1","2","1","1","1","1","2","2","14","1","13","2","27","13","48","38","1","1","1","1"
"77",77,"19","72","1","1","1","5","1","1","1","1","2","3","37","1","13","1","8","19","1","28","64","1","1","1"
"78",78,"24","14","1","1","1","5","1","1","1","1","2","3","20","1","1","1","25","15","10","35","12","1","1","1"
"79",79,"4","62","1","1","1","3","1","1","1","1","4","4","26","1","1","1","18","18","7","16","33","1","1","1"
"80",80,"27","36","1","1","1","5","1","1","1","1","2","4","16","1","1","1","45","38","14","3","31","1","1","1"
"81",81,"45","34","1","1","1","3","1","1","1","1","2","3","75","1","1","1","46","41","14","50","24","1","1","1"
"82",82,"8","27","1","1","1","3","1","1","1","1","3","4","12","1","1","1","63","4","13","7","30","1","1","1"
"83",83,"4","14","1","1","1","5","1","1","1","1","2","3","7","1","1","1","52","50","23","19","33","1","1","1"
"84",84,"35","62","1","1","1","4","1","5","1","1","2","3","2","1","1","4","16","19","41","20","33","1","1","1"
"85",85,"22","10","1","1","1","2","1","1","1","1","3","2","75","2","2","2","46","31","2","10","26","1","1","1"
"86",86,"26","48","1","1","1","3","1","1","1","1","4","4","25","1","11","1","16","48","46","50","63","1","1","1"
"87",87,"70","63","1","1","1","3","1","1","1","1","4","4","53","1","1","1","16","43","51","39","26","1","1","1"
"88",88,"77","56","1","1","1","3","1","1","1","1","4","4","5","1","1","10","81","26","24","34","1","1","1","1"
"89",89,"33","10","1","1","1","4","1","1","1","1","2","3","50","1","1","1","31","55","29","31","39","1","1","1"
"90",90,"59","59","1","1","1","5","1","1","1","1","2","3","18","1","1","1","15","20","44","15","4","1","1","1"
"91",91,"36","55","1","1","1","3","1","1","1","1","4","4","54","1","1","1","8","7","20","17","25","1","1","1"
"92",92,"16","48","1","1","1","5","1","1","1","1","2","3","61","1","1","1","24","58","42","20","32","1","1","1"
"93",93,"77","34","1","1","1","2","1","1","1","1","2","2","42","1","1","2","2","63","4","12","40","1","1","1"
"94",94,"77","50","13","1","1","2","2","1","3","3","3","2","44","1","2","13","2","28","28","46","49","1","1","1"
"95",95,"35","42","1","1","1","1","1","2","2","4","1","1","18","1","1","1","56","36","36","34","58","1","1","1"
"96",96,"4","54","1","1","1","3","1","1","1","1","4","4","64","1","1","1","60","12","23","40","43","1","1","1"
"97",97,"16","74","1","1","1","1","1","3","2","4","5","1","52","1","1","1","32","16","3","20","44","1","1","1"
"98",98,"16","43","1","1","1","4","1","1","1","1","2","3","26","1","1","1","50","13","11","18","6","1","1","1"
"99",99,"21","28","1","1","1","5","1","1","1","1","2","3","30","1","1","1","24","19","12","41","13","1","1","1"
"100",100,"71","3","1","1","1","2","2","4","1","1","3","2","5","2","1","12","19","14","30","29","1","1","1","1"
"101",101,"10","50","1","1","1","1","1","2","2","4","5","1","46","1","1","16","58","33","3","28","16","1","1","1"
"102",102,"14","14","1","1","1","2","1","1","1","1","2","2","47","2","8","1","24","27","24","42","26","1","1","1"
"103",103,"14","67","1","1","1","1","1","3","2","4","5","1","18","1","1","1","19","19","53","20","67","1","1","1"
"104",104,"17","64","1","1","1","3","1","1","1","1","5","4","49","1","1","1","2","46","1","21","8","1","1","1"
"105",105,"21","14","1","1","1","2","1","1","1","1","3","2","68","1","1","1","74","16","2","1","10","1","1","1"
"106",106,"34","36","1","1","1","4","1","5","1","1","2","3","50","1","1","1","52","50","7","49","35","1","1","1"
"107",107,"5","3","1","1","1","3","1","1","1","1","4","4","47","1","1","1","58","5","10","33","47","1","1","1"
"108",108,"60","36","1","1","1","3","1","1","6","1","4","4","16","1","1","1","29","17","52","4","18","1","1","1"
"109",109,"55","27","1","1","1","1","1","3","2","4","5","1","12","1","1","1","60","55","22","20","10","1","1","1"
"110",110,"40","2","1","1","1","1","1","2","2","4","1","1","4","1","1","1","20","54","17","3","44","1","1","1"
"111",111,"17","83","1","1","1","3","1","1","6","1","4","4","53","1","1","1","29","14","50","29","9","1","1","1"
"112",112,"26","1","2","1","1","2","2","4","1","1","3","2","53","2","2","2","33","5","2","21","3","1","1","1"
"113",113,"49","33","1","1","1","3","1","1","1","1","4","4","52","1","1","1","38","3","1","29","5","1","1","1"
"114",114,"70","46","1","1","1","4","1","5","1","1","2","3","50","1","1","1","69","1","7","1","11","1","1","1"
"115",115,"18","72","1","1","1","4","1","5","4","2","2","1","51","1","1","1","25","22","23","2","39","1","1","1"
"116",116,"63","55","1","1","1","2","1","1","1","1","3","2","67","1","1","26","2","35","18","16","28","1","1","1"
"117",117,"32","54","1","1","1","2","1","1","1","1","3","3","8","1","3","2","30","19","10","30","18","1","1","1"
"118",118,"20","32","1","1","1","3","1","1","6","1","4","4","69","1","1","1","41","31","7","50","2","1","1","1"
"119",119,"66","76","1","1","1","2","1","1","3","1","3","2","73","2","1","1","72","63","2","1","2","1","1","1"
"120",120,"40","35","1","1","1","2","1","1","1","1","4","2","11","1","1","1","38","28","57","41","28","1","1","1"
"121",121,"30","50","1","1","1","1","1","2","4","7","1","1","56","1","1","1","39","8","17","8","27","1","1","1"
"122",122,"19","64","1","1","1","5","1","1","1","1","2","3","50","1","1","1","30","17","16","50","9","1","1","1"
"123",123,"22","5","1","1","1","2","1","1","1","1","2","2","10","1","1","1","20","52","34","5","1","1","1","1"
"124",124,"13","54","1","1","1","2","1","1","1","1","3","3","24","1","1","1","14","3","39","53","49","1","1","1"
"125",125,"2","32","1","1","1","1","1","2","2","2","1","1","46","1","1","1","39","15","12","1","31","1","1","1"
"126",126,"70","14","1","1","1","3","1","1","1","1","4","4","30","1","1","1","25","41","49","6","53","1","1","1"
"127",127,"8","35","1","1","1","2","1","1","1","1","2","2","1","2","3","2","20","54","17","6","33","1","1","1"
"128",128,"68","70","1","1","1","3","1","1","1","1","4","4","32","1","3","1","23","31","37","37","8","1","1","1"
"129",129,"38","64","1","1","1","2","2","4","3","3","3","2","35","2","1","2","31","1","1","6","7","1","1","1"
"130",130,"43","27","1","1","1","1","1","2","2","4","1","1","2","1","1","1","21","61","59","19","8","1","1","1"
"131",131,"3","56","2","7","2","2","2","4","3","3","3","2","52","2","1","11","60","3","44","7","24","1","1","1"
"132",132,"46","33","1","1","1","3","1","1","1","1","2","4","45","1","1","1","55","39","20","20","30","1","1","1"
"133",133,"50","84","1","1","1","5","1","1","1","1","2","2","74","1","1","11","51","59","11","18","4","1","1","1"
"134",134,"50","18","1","1","1","1","1","3","2","4","5","1","9","1","1","1","37","40","25","37","5","1","1","1"
"135",135,"7","2","1","1","1","4","1","1","1","1","2","3","14","1","1","1","35","16","1","27","44","1","1","1"
"136",136,"9","59","1","1","1","2","1","1","1","1","2","2","30","1","1","2","12","18","13","24","54","1","1","1"
"137",137,"18","15","1","1","1","3","1","1","1","1","4","4","25","1","1","1","17","45","17","14","52","1","1","1"
"138",138,"58","56","1","1","1","1","1","2","2","2","1","1","19","1","1","1","5","66","21","33","15","1","1","1"
"139",139,"16","65","1","1","1","1","1","2","4","2","1","1","10","1","1","1","19","59","21","24","40","1","1","1"
"140",140,"35","2","1","1","1","4","1","5","1","1","2","3","49","1","1","1","31","21","1","18","38","1","1","1"
"141",141,"14","66","1","1","1","1","3","2","2","4","1","1","55","1","1","19","5","1","45","41","46","1","1","1"
"142",142,"48","54","1","1","1","4","1","5","4","2","1","1","4","1","1","1","68","17","3","15","74","1","1","1"
"143",143,"16","16","1","1","1","4","1","5","4","1","2","1","56","1","1","1","52","18","51","2","18","1","1","1"
"144",144,"18","48","1","1","1","4","1","5","1","1","2","3","33","1","1","1","3","57","37","2","56","1","1","1"
"145",145,"74","42","1","1","1","1","1","2","2","4","1","1","48","1","1","1","3","45","52","10","44","1","1","1"
"146",146,"58","10","1","1","1","1","1","2","2","4","5","1","52","1","1","1","8","26","6","8","3","1","1","1"
"147",147,"40","47","1","1","1","4","1","5","1","1","2","3","58","1","1","1","35","20","6","60","40","1","1","1"
"148",148,"73","69","1","1","1","1","1","3","2","4","5","1","66","1","1","1","3","26","25","44","1","1","1","1"
"149",149,"75","34","1","1","1","3","1","1","1","1","2","3","40","1","1","1","8","17","13","3","38","1","1","1"
"150",150,"74","43","1","1","1","1","1","2","2","4","1","1","58","1","1","3","8","63","4","2","54","1","1","1"
"151",151,"9","16","1","1","1","5","1","1","1","1","2","3","53","1","1","1","32","13","11","49","68","1","1","1"
"152",152,"17","63","1","1","1","1","1","2","2","4","1","1","1","1","1","1","16","12","2","30","13","1","1","1"
"153",153,"22","72","1","1","3","1","3","2","5","2","1","1","70","1","1","10","27","1","11","7","9","1","1","1"
"154",154,"66","18","1","1","1","3","1","1","1","1","4","4","38","1","1","1","51","20","21","7","5","2","1","1"
"155",155,"22","16","1","1","1","1","1","3","1","4","2","1","18","1","1","11","46","21","23","33","8","1","1","1"
"156",156,"11","41","1","1","1","4","1","5","4","1","2","1","31","1","1","1","5","4","19","48","14","1","1","1"
"157",157,"50","31","1","1","1","3","1","1","1","1","4","4","28","1","1","1","2","48","29","54","15","1","1","1"
"158",158,"38","46","1","1","1","1","1","2","4","2","1","1","55","1","1","1","51","3","25","18","70","1","1","1"
"159",159,"7","25","1","1","1","1","1","3","2","4","5","1","40","1","1","1","37","35","4","44","40","1","1","1"
"160",160,"21","10","1","1","1","1","1","3","6","4","5","1","16","1","1","1","42","31","48","9","11","1","1","1"
"161",161,"57","41","1","1","1","1","1","3","2","4","5","1","3","1","1","11","71","5","39","31","15","1","1","1"
"162",162,"27","58","1","1","1","1","1","3","2","2","1","1","61","1","1","1","8","48","12","9","15","1","1","1"
"163",163,"74","67","1","1","1","1","1","2","2","4","1","1","42","1","1","1","50","63","35","32","17","1","1","1"
"164",164,"57","86","1","1","1","1","1","3","2","4","5","1","7","1","1","1","72","34","32","5","52","1","1","1"
"165",165,"39","75","1","1","1","3","1","1","1","1","4","4","8","1","1","1","27","40","37","25","67","1","1","1"
"166",166,"22","20","1","1","1","1","1","2","2","2","1","1","58","1","1","1","48","2","45","17","2","1","1","1"
"167",167,"18","10","1","1","1","1","1","2","2","2","1","1","32","1","1","24","2","30","51","40","8","1","1","1"
"168",168,"62","74","1","1","1","5","1","1","1","1","2","3","16","1","1","1","66","23","49","22","18","1","1","1"
"169",169,"39","11","1","1","1","5","1","1","1","1","2","3","53","1","3","1","31","35","1","39","12","1","1","1"
"170",170,"20","28","1","1","1","2","1","1","1","1","3","2","61","1","1","2","64","4","19","1","19","1","1","1"
"171",171,"37","45","1","1","1","1","1","3","2","4","5","4","2","1","1","1","3","49","37","1","10","1","1","1"
"172",172,"73","33","1","1","1","4","1","5","1","1","2","1","75","1","1","1","38","21","41","40","45","1","1","1"
"173",173,"20","43","1","1","1","4","1","5","4","2","1","1","51","1","1","1","30","29","30","15","11","1","1","1"
"174",174,"27","61","1","1","1","3","1","1","2","1","4","1","9","1","1","1","29","11","22","34","54","1","1","1"
"175",175,"64","72","1","1","1","4","1","3","2","4","1","1","21","1","1","1","35","42","57","44","28","1","1","1"
"176",176,"30","8","1","1","1","3","1","1","6","4","4","4","39","1","1","1","29","36","49","36","51","1","1","1"
"177",177,"13","15","1","1","1","4","1","5","4","2","1","1","6","1","1","1","37","14","24","36","15","1","1","1"
"178",178,"22","64","1","1","1","3","1","1","6","1","4","4","12","1","1","1","61","25","46","51","54","1","1","1"
"179",179,"56","28","1","1","1","4","1","5","4","2","1","1","23","1","1","1","18","27","9","52","22","1","1","1"
"180",180,"30","80","1","1","1","3","1","3","1","1","4","1","3","1","1","1","16","50","10","37","3","1","1","1"
"181",181,"18","15","1","1","1","1","1","2","2","2","1","1","46","1","1","1","66","8","17","37","2","1","1","1"
"182",182,"2","55","1","1","1","3","1","1","6","1","4","4","18","1","1","1","41","13","51","5","22","1","1","1"
"183",183,"47","3","1","1","1","3","1","1","1","1","4","4","5","1","1","10","17","4","39","38","3","1","1","1"
"184",184,"60","63","1","1","1","4","1","5","4","1","1","1","17","1","1","1","49","5","4","19","3","1","1","1"
"185",185,"5","16","1","1","1","1","1","3","2","4","5","1","57","1","1","1","3","55","53","52","10","1","1","1"
"186",186,"14","27","1","1","1","3","1","1","1","1","2","4","43","1","1","1","30","13","43","19","1","1","1","1"
"187",187,"79","37","1","1","1","5","1","1","1","1","2","3","22","1","1","1","27","21","8","22","12","1","1","1"
"188",188,"20","14","1","1","1","5","1","1","1","1","2","3","34","1","1","1","6","56","30","3","57","1","1","1"
"189",189,"45","23","1","1","1","5","1","1","1","1","2","3","49","1","1","1","14","24","9","22","6","1","1","1"
"190",190,"39","15","1","1","1","5","1","1","1","1","2","3","15","1","1","1","41","22","24","49","2","1","1","1"
"191",191,"27","82","1","1","1","5","1","1","1","1","2","3","19","1","1","1","27","49","13","3","50","1","1","1"
"192",192,"25","63","1","1","1","2","1","1","1","1","2","2","52","2","2","1","2","20","25","20","58","1","1","1"
"193",193,"66","2","1","8","2","2","2","4","3","3","3","2","54","2","2","2","6","47","51","35","28","1","1","1"
"194",194,"45","77","1","1","1","3","1","1","6","1","4","4","50","1","1","1","9","23","15","21","15","1","1","1"
"195",195,"33","25","2","1","2","2","2","4","1","1","3","2","11","2","10","1","66","53","49","10","66","1","1","1"
"196",196,"21","2","1","1","1","2","1","1","1","1","3","2","38","1","1","2","38","14","57","18","20","1","1","1"
"197",197,"65","43","1","1","1","3","1","1","1","1","4","4","68","1","5","1","26","17","41","41","27","1","1","1"
"198",198,"9","35","2","2","2","2","2","4","3","3","3","2","25","2","2","1","3","41","5","6","76","1","1","1"
"199",199,"56","50","1","1","1","8","1","3","1","4","1","1","66","1","1","1","19","39","32","60","8","1","3","1"
"200",200,"35","35","1","1","1","3","1","1","6","1","4","4","47","1","1","1","69","19","15","24","6","1","1","1"
"201",201,"10","58","1","1","1","1","1","2","4","2","1","1","3","1","1","1","11","58","2","31","4","1","1","1"
"202",202,"60","55","1","1","1","3","1","3","6","1","4","4","31","1","1","1","67","43","21","21","14","1","1","1"
"203",203,"13","1","1","1","1","1","6","3","4","2","1","1","36","1","1","11","22","44","31","35","19","1","1","1"
"204",204,"17","28","1","1","7","1","1","2","2","4","5","1","11","1","1","1","1","52","31","58","56","1","1","1"
"205",205,"43","25","1","1","1","1","1","3","2","4","5","1","17","1","1","1","72","41","53","1","11","1","1","1"
"206",206,"4","16","1","1","1","3","1","1","1","1","4","4","8","1","1","1","22","2","24","34","41","1","1","1"
"207",207,"18","42","1","1","1","2","1","1","1","1","2","2","66","1","1","1","32","18","33","63","42","1","1","1"
"208",208,"58","9","1","1","1","1","1","2","2","2","1","1","34","1","1","1","5","58","4","26","8","1","1","1"
"209",209,"15","22","1","1","1","2","1","1","1","1","2","3","6","1","1","1","49","11","29","36","63","1","1","1"
"210",210,"27","13","1","1","1","1","1","2","4","2","1","1","51","1","1","1","35","31","4","47","18","1","1","1"
"211",211,"43","14","1","1","1","1","1","2","2","2","1","1","64","1","1","1","9","61","9","10","3","1","1","1"
"212",212,"14","66","1","1","1","1","1","2","4","2","1","1","3","1","1","1","5","60","55","4","43","1","1","1"
"213",213,"43","1","1","1","1","4","1","5","4","1","2","3","4","1","1","1","43","54","10","58","5","1","1","1"
"214",214,"51","63","1","1","1","1","1","3","2","4","5","1","65","1","1","1","3","38","14","34","38","1","1","1"
"215",215,"21","54","1","1","1","5","1","1","1","1","2","3","38","1","1","1","34","49","58","35","15","1","1","1"
"216",216,"36","45","1","1","1","1","1","2","2","4","5","1","68","1","1","1","46","7","5","29","46","1","1","1"
"217",217,"54","44","1","1","1","4","1","3","1","1","2","1","49","1","1","1","64","15","33","58","9","1","1","1"
"218",218,"8","13","1","1","1","3","1","1","1","1","4","4","13","1","1","23","12","10","35","32","37","1","1","1"
"219",219,"2","90","1","1","1","4","1","5","1","1","2","1","44","1","1","1","3","37","19","21","52","1","1","1"
"220",220,"45","12","1","1","1","5","1","1","1","1","2","3","30","1","1","1","35","41","20","10","52","1","1","1"
"221",221,"75","42","1","1","1","5","1","1","1","1","2","3","51","1","1","1","70","31","17","3","6","1","1","1"
"222",222,"48","49","1","1","1","1","1","2","2","2","1","1","3","1","1","1","8","25","5","32","39","1","1","1"
"223",223,"22","55","1","1","1","3","1","1","1","1","2","4","17","1","1","1","71","22","5","49","68","1","1","1"
"224",224,"35","5","1","1","1","4","1","5","1","1","2","3","13","1","1","1","5","20","42","12","12","1","1","1"
"225",225,"50","10","1","1","1","2","1","1","1","1","4","4","44","1","1","1","2","53","12","34","2","1","1","1"
"226",226,"54","48","1","1","1","4","1","1","1","1","2","3","35","1","1","20","39","26","12","23","26","1","1","1"
"227",227,"73","49","1","2","1","2","1","4","3","3","3","2","64","2","2","20","23","6","12","3","7","1","1","1"
"228",228,"4","11","1","1","1","2","2","4","1","3","3","2","9","1","1","1","26","36","40","20","52","1","1","1"
"229",229,"67","33","1","1","1","3","1","3","6","1","4","4","32","1","1","1","61","26","28","1","29","1","1","1"
"230",230,"51","79","1","1","1","3","1","1","1","1","4","4","64","1","1","1","14","29","38","55","38","1","1","1"
"231",231,"22","34","1","1","1","5","1","1","1","1","2","3","66","1","1","1","57","33","13","28","15","1","1","1"
"232",232,"33","31","1","1","1","3","1","1","6","1","4","4","58","1","1","1","61","7","5","39","59","1","1","1"
"233",233,"2","6","1","1","1","4","1","5","4","2","1","1","52","1","1","2","51","24","29","29","39","1","1","1"
"234",234,"16","31","1","1","1","3","1","1","1","1","4","4","66","1","1","1","55","47","53","58","7","1","1","1"
"235",235,"30","37","1","1","1","4","1","2","4","2","1","1","27","1","1","1","53","17","14","39","7","1","1","1"
"236",236,"40","2","1","1","1","2","1","1","1","1","2","2","30","1","1","1","2","19","21","13","3","1","1","1"
"237",237,"10","44","1","1","1","3","1","1","6","1","4","4","31","1","1","1","29","14","15","40","10","1","1","1"
"238",238,"76","25","1","1","1","1","1","3","2","4","5","1","28","1","1","1","2","30","29","45","3","1","1","1"
"239",239,"28","34","1","1","1","5","1","1","1","1","2","3","27","1","1","1","37","14","58","4","7","1","1","1"
"240",240,"24","14","1","1","1","1","1","2","4","2","1","1","10","1","1","2","69","44","43","10","14","1","1","1"
"241",241,"14","2","1","1","1","2","1","1","1","1","3","2","27","1","1","1","33","13","12","30","37","1","1","1"
"242",242,"20","75","1","1","1","5","1","1","1","1","2","3","64","1","1","1","47","12","20","34","75","1","1","1"
"243",243,"43","22","1","1","1","2","1","1","1","1","3","2","18","1","1","1","64","44","32","36","18","1","1","1"
"244",244,"45","39","1","1","1","3","1","1","1","1","4","4","47","1","1","2","81","1","38","59","49","1","1","1"
"245",245,"59","42","1","1","1","3","1","1","6","4","4","4","7","1","1","1","68","14","4","27","18","1","1","1"
"246",246,"21","34","1","1","1","3","1","1","1","1","2","3","50","1","1","1","31","61","5","52","7","2","1","1"
"247",247,"45","10","1","1","1","3","1","1","6","1","4","4","48","1","1","1","74","14","32","21","25","1","1","1"
"248",248,"67","1","1","1","1","1","1","3","2","4","5","1","37","1","1","1","49","36","4","59","39","1","1","1"
"249",249,"76","42","1","1","1","4","1","5","4","2","1","1","48","1","1","1","72","20","50","34","47","1","1","1"
"250",250,"4","23","1","1","1","3","1","1","1","1","4","4","70","1","1","7","3","32","10","2","7","1","1","1"
"251",251,"9","8","1","1","1","1","1","3","2","4","5","1","67","1","1","1","33","27","15","31","16","1","1","1"
"252",252,"43","7","1","1","1","5","1","1","1","1","2","3","14","1","1","1","31","44","1","39","8","1","1","1"
"253",253,"71","23","1","1","1","2","1","1","1","1","3","2","27","1","1","1","45","15","11","2","1","1","1","1"
"254",254,"3","42","1","1","1","3","1","1","1","1","4","4","11","1","1","1","18","57","40","37","2","1","1","1"
"255",255,"9","22","1","1","1","3","1","3","2","4","5","4","18","1","1","1","46","15","45","1","20","1","1","1"
"256",256,"19","22","1","1","1","1","1","3","2","4","1","1","24","1","1","1","3","64","30","27","22","1","1","1"
"257",257,"66","27","1","1","1","4","1","5","4","1","2","1","67","1","1","1","16","61","17","32","8","1","1","1"
"258",258,"54","65","1","1","1","4","1","5","4","2","1","1","60","1","1","1","19","42","15","52","46","5","1","1"
"259",259,"74","62","1","1","1","5","1","1","1","1","2","3","1","1","1","1","60","61","38","9","17","1","1","1"
"260",260,"42","22","1","1","1","4","1","5","1","1","2","3","25","1","1","1","1","30","12","2","20","1","1","1"
"261",261,"4","20","1","1","1","3","1","1","6","1","4","4","28","1","1","1","36","15","42","57","17","1","1","1"
"262",262,"39","47","1","1","1","5","1","1","1","1","2","3","42","1","1","1","50","9","42","33","6","1","1","1"
"263",263,"32","74","1","1","1","5","1","1","1","1","2","3","7","1","1","3","9","18","13","26","63","1","1","1"
"264",264,"9","62","1","1","1","1","1","2","2","4","1","1","57","1","1","1","20","2","21","10","42","8","1","1"
"265",265,"8","38","1","1","1","2","1","1","1","1","3","2","2","1","1","1","55","18","2","15","43","1","1","1"
"266",266,"73","10","1","1","1","5","1","1","1","1","2","2","12","1","1","12","15","29","3","53","35","1","1","1"
"267",267,"53","85","1","1","1","1","1","3","2","4","5","1","26","1","1","1","5","28","38","42","14","1","1","1"
"268",268,"39","53","1","1","1","5","1","1","1","1","2","3","7","1","1","1","82","49","48","6","35","1","1","1"
"269",269,"62","29","1","1","1","3","1","1","6","1","4","4","51","1","1","2","19","24","1","52","4","1","1","1"
"270",270,"35","18","1","1","1","1","1","2","4","2","1","1","38","1","1","1","9","20","31","7","59","1","1","1"
"271",271,"39","78","1","1","1","4","1","1","1","1","2","3","38","2","1","2","20","41","3","4","63","1","1","1"
"272",272,"38","65","2","2","2","2","2","4","3","3","3","2","9","2","2","1","24","7","25","29","10","1","1","1"
"273",273,"27","57","1","1","1","3","1","1","1","1","4","2","2","1","1","1","3","43","11","17","40","1","1","1"
"274",274,"26","54","1","1","1","4","1","1","1","1","2","3","4","1","1","1","56","33","27","6","19","1","1","1"
"275",275,"15","39","1","1","1","3","1","3","6","1","4","4","33","1","1","1","5","29","47","57","14","1","1","1"
"276",276,"18","31","1","1","1","3","1","1","1","1","4","3","69","1","1","1","65","49","34","38","2","1","1","1"
"277",277,"73","16","1","1","1","4","1","2","4","2","1","1","27","1","1","1","9","1","21","33","3","1","1","1"
"278",278,"19","23","1","1","1","1","1","3","2","4","5","6","24","1","1","1","50","20","20","65","60","1","1","1"
"279",279,"13","7","1","1","1","3","1","3","1","1","4","4","23","1","1","9","35","20","31","26","28","1","1","1"
"280",280,"4","41","1","1","9","4","1","1","5","2","1","1","1","1","1","1","5","34","14","31","47","1","1","1"
"281",281,"39","41","1","1","1","1","1","3","2","4","1","1","31","1","1","1","3","59","28","21","3","1","1","1"
"282",282,"59","75","1","1","9","1","1","2","2","4","1","1","19","1","1","1","42","46","14","34","10","9","1","1"
"283",283,"24","15","1","1","1","4","1","5","4","2","1","1","15","1","1","1","53","12","57","44","69","1","1","1"
"284",284,"50","39","1","1","1","5","1","1","1","1","2","3","1","1","1","3","54","38","50","65","45","1","1","1"
"285",285,"19","18","1","1","1","1","1","2","2","2","1","1","23","1","1","1","9","27","11","60","19","1","1","1"
"286",286,"59","16","1","1","1","5","1","1","1","1","2","3","72","1","1","1","63","15","24","7","6","1","1","1"
"287",287,"36","34","1","1","1","5","1","1","1","1","2","3","50","1","1","1","26","7","17","24","3","1","1","1"
"288",288,"58","33","1","1","1","4","1","5","1","2","2","1","54","1","1","9","47","61","18","10","23","1","1","1"
"289",289,"35","43","1","1","1","1","1","3","2","4","5","1","36","1","1","1","12","38","49","15","45","1","1","1"
"290",290,"33","22","1","1","3","3","1","1","1","1","4","4","5","1","1","1","42","15","44","35","42","1","1","1"
"291",291,"22","2","1","1","3","1","1","2","5","2","1","1","28","1","1","1","23","20","47","60","35","1","1","1"
"292",292,"16","8","1","1","1","1","1","3","2","4","5","1","29","1","1","1","34","32","50","51","31","1","1","1"
"293",293,"60","43","1","1","1","3","1","1","1","1","4","4","33","1","1","1","23","9","35","63","59","1","1","1"
"294",294,"25","38","1","1","1","1","1","3","2","4","5","1","63","1","1","1","63","28","26","18","5","1","1","1"
"295",295,"22","76","1","1","1","5","1","1","1","1","2","3","41","1","1","1","64","53","28","40","9","1","1","1"
"296",296,"41","15","1","1","1","5","1","1","1","1","2","6","3","1","1","1","68","40","46","6","9","1","1","1"
"297",297,"26","21","1","1","1","4","1","5","1","1","2","3","4","1","1","1","12","38","13","7","62","1","1","1"
"298",298,"43","22","1","1","1","3","1","1","1","1","4","4","4","1","1","1","2","54","14","45","40","1","1","1"
"299",299,"40","84","1","1","1","3","1","1","6","1","4","4","8","1","1","1","3","25","42","25","46","1","1","1"
"300",300,"57","15","1","1","1","3","1","1","1","1","4","4","25","1","1","1","30","24","23","35","2","1","1","1"
"301",301,"43","80","1","1","1","5","1","1","1","1","2","3","37","1","1","20","39","40","19","19","39","1","1","1"
"302",302,"52","63","1","1","1","3","1","1","6","1","4","4","29","1","1","1","23","25","25","15","60","1","1","1"
"303",303,"20","44","1","1","1","5","1","1","1","1","2","3","3","1","1","24","17","11","34","19","22","1","1","1"
"304",304,"14","29","1","1","1","3","1","1","1","1","4","1","59","1","1","2","77","47","27","62","40","1","1","1"
"305",305,"26","22","1","1","1","2","1","1","1","1","2","2","63","1","1","22","5","23","56","50","18","1","1","1"
"306",306,"43","1","1","1","1","4","1","5","4","1","2","1","66","1","1","1","22","26","26","9","9","1","1","1"
"307",307,"59","4","1","1","1","5","1","1","1","1","2","3","28","2","7","2","64","8","26","27","7","1","1","1"
"308",308,"56","56","1","1","1","2","1","4","3","3","3","2","34","2","1","2","65","41","25","23","18","2","1","1"
"309",309,"80","30","1","1","1","2","1","1","1","1","3","2","29","1","1","1","16","8","3","2","15","1","1","1"
"310",310,"24","13","1","1","1","5","1","1","1","1","2","3","60","1","1","2","39","35","54","7","35","1","1","1"
"311",311,"13","64","1","1","1","3","1","1","1","1","2","3","29","1","1","1","3","16","17","26","11","1","1","1"
"312",312,"70","69","1","1","1","2","1","1","3","3","3","2","29","1","2","5","49","9","26","10","33","1","1","1"
"313",313,"61","80","1","2","1","2","1","1","3","1","3","2","39","1","1","2","79","18","3","4","25","1","1","1"
"314",314,"8","80","1","1","1","2","1","4","1","1","3","2","31","1","1","1","46","16","11","36","50","1","1","1"
"315",315,"54","72","1","1","1","3","1","1","6","1","4","4","5","1","1","1","29","10","46","31","22","1","1","1"
"316",316,"56","6","1","1","1","1","1","3","2","4","5","1","69","1","1","2","24","47","55","43","2","1","1","1"
"317",317,"42","2","1","1","1","2","1","1","1","1","3","2","33","1","1","1","3","30","44","62","1","1","1","1"
"318",318,"22","76","1","1","1","1","1","2","5","2","1","1","29","1","1","1","49","41","5","24","11","1","1","1"
"319",319,"59","18","1","1","1","1","1","3","2","4","5","1","63","1","1","1","39","11","47","18","69","1","1","1"
"320",320,"7","23","1","1","1","5","1","1","1","1","2","3","10","1","1","1","12","4","14","14","2","1","1","1"
"321",321,"43","76","1","1","1","5","1","1","1","1","2","3","63","1","1","1","41","16","10","15","46","1","1","1"
"322",322,"8","67","1","1","1","5","1","1","1","1","2","3","66","1","1","1","23","62","45","18","23","1","1","1"
"323",323,"28","77","1","1","1","1","1","3","2","4","5","1","72","1","1","1","27","47","56","16","19","1","1","1"
"324",324,"55","36","1","1","1","5","1","1","1","1","2","3","29","1","1","1","35","36","21","27","18","1","1","1"
"325",325,"16","27","1","1","1","3","1","1","1","1","4","4","2","1","1","1","32","29","32","43","1","1","1","1"
"326",326,"70","19","1","1","1","2","1","1","1","1","2","3","66","1","1","1","14","38","16","8","47","1","1","1"
"327",327,"45","14","1","1","1","3","1","3","1","1","4","1","20","1","1","1","37","22","7","54","61","1","1","1"
"328",328,"4","55","1","1","1","3","1","1","6","1","4","4","29","1","1","1","49","52","21","49","4","1","1","1"
"329",329,"77","36","1","1","1","2","1","1","1","1","4","2","37","1","1","1","41","21","21","14","10","1","1","1"
"330",330,"45","14","1","1","1","1","1","2","4","2","1","1","5","1","1","1","16","4","34","13","46","1","1","1"
"331",331,"27","22","1","1","1","5","1","1","1","1","2","3","69","1","1","1","41","29","45","8","9","1","1","1"
"332",332,"16","35","1","1","1","1","1","3","2","4","5","1","63","1","1","1","69","67","28","16","48","1","1","1"
"333",333,"1","39","1","1","1","3","1","3","2","1","4","1","32","1","1","12","59","16","46","16","20","1","1","1"
"334",334,"68","37","1","1","1","1","1","3","2","4","5","1","16","1","1","1","27","9","7","16","23","1","1","1"
"335",335,"71","67","1","1","1","2","1","1","1","1","2","2","63","1","1","1","43","1","35","16","2","1","1","1"
"336",336,"9","16","1","1","1","4","1","5","1","1","2","3","24","1","1","11","18","38","15","55","60","1","1","1"
"337",337,"58","19","1","1","1","4","1","5","1","1","2","1","3","1","1","1","30","45","32","13","23","1","1","1"
"338",338,"42","60","1","1","1","1","1","1","1","1","2","4","8","1","1","12","46","4","34","16","28","1","1","1"
"339",339,"8","19","1","1","1","4","1","5","1","1","2","3","36","1","1","1","1","38","54","8","39","1","1","1"
"340",340,"16","58","1","1","1","1","1","2","2","2","1","1","30","1","1","1","23","37","50","13","7","1","1","1"
"341",341,"22","71","1","1","1","3","1","1","1","1","4","4","23","1","1","1","26","9","20","10","27","1","1","1"
"342",342,"33","7","1","1","1","3","1","1","1","1","4","4","37","1","1","13","16","34","27","36","43","1","1","1"
"343",343,"20","20","1","1","1","4","1","1","1","1","2","4","29","1","1","1","54","47","18","36","24","1","1","1"
"344",344,"50","41","1","1","1","4","1","5","4","1","2","1","17","1","1","2","12","5","4","8","58","1","1","1"
"345",345,"20","20","1","1","1","3","1","1","1","1","2","3","15","1","1","13","34","11","8","8","4","1","1","1"
"346",346,"61","72","1","1","1","3","1","1","1","1","4","4","55","1","1","1","43","37","43","14","21","1","1","1"
"347",347,"35","16","1","1","1","3","1","1","6","1","4","4","73","1","1","1","63","13","46","14","12","1","1","1"
"348",348,"3","19","1","1","1","3","1","1","1","1","4","4","72","1","1","1","3","4","36","16","5","1","1","1"
"349",349,"4","66","1","1","1","2","1","1","1","1","3","2","48","1","1","10","46","6","55","14","8","1","1","1"
"350",350,"49","27","1","1","1","1","1","3","2","1","5","1","5","1","1","1","8","16","22","16","26","1","1","1"
"351",351,"37","12","1","1","1","3","1","3","6","1","4","4","17","1","1","27","47","55","29","8","66","1","1","1"
"352",352,"9","20","1","1","1","1","6","3","2","4","1","1","11","1","1","2","35","5","34","14","23","1","1","1"
"353",353,"68","32","1","1","1","3","1","3","6","1","4","1","73","1","1","25","33","40","40","19","28","1","1","1"
"354",354,"67","48","1","1","1","4","1","1","1","1","2","3","9","1","1","1","22","51","32","13","36","1","1","1"
"355",355,"3","87","1","1","1","3","1","1","1","1","4","3","48","1","1","1","55","10","47","17","54","1","1","1"
"356",356,"2","16","1","1","1","1","1","2","2","2","1","1","20","1","1","1","26","40","1","29","30","1","1","1"
"357",357,"12","16","1","1","1","5","1","1","1","1","2","3","36","1","1","1","19","47","23","11","5","1","1","1"
"358",358,"69","19","1","1","1","1","1","2","2","4","1","1","2","1","1","1","30","51","3","56","5","1","1","1"
"359",359,"10","58","1","1","1","4","1","5","4","2","2","3","5","1","1","1","50","18","27","13","6","1","1","1"
"360",360,"61","20","1","1","1","5","1","1","1","1","2","3","62","1","1","1","30","62","50","24","9","1","1","1"
"361",361,"42","24","1","1","1","1","1","2","2","2","1","1","73","1","1","23","69","10","18","25","8","1","1","1"
"362",362,"69","7","1","1","1","1","1","2","2","4","5","1","29","1","1","9","48","16","19","13","26","1","1","1"
"363",363,"4","20","1","1","1","1","1","3","2","6","5","6","3","1","1","1","41","11","54","8","58","1","1","1"
"364",364,"2","57","1","1","1","3","1","1","1","1","4","4","29","1","1","1","62","36","47","13","15","1","1","1"
"365",365,"35","7","1","1","1","1","1","3","2","4","5","1","20","1","1","1","42","21","25","30","52","1","1","1"
"366",366,"4","19","1","1","1","3","1","1","1","1","4","4","4","1","1","24","32","6","17","16","46","1","1","1"
"367",367,"4","24","1","1","1","1","1","2","2","4","1","1","29","1","1","1","45","47","14","33","40","1","1","1"
"368",368,"57","29","1","1","1","3","1","1","1","1","4","4","1","1","1","1","72","3","8","13","70","1","1","1"
"369",369,"5","3","1","1","1","4","1","1","1","1","2","3","5","1","1","2","1","2","12","15","20","1","1","1"
"370",370,"19","17","1","1","1","3","1","1","1","1","4","3","16","1","1","1","58","10","1","51","50","1","1","1"
"371",371,"37","24","1","2","13","1","2","3","2","4","5","1","16","1","1","6","37","56","24","1","12","2","1","1"
"372",372,"46","30","8","1","2","2","1","4","3","3","3","2","9","1","2","1","59","37","49","51","72","1","1","1"
"373",373,"17","8","1","1","1","1","1","2","2","4","1","1","72","1","1","1","20","23","59","18","69","1","1","1"
"374",374,"30","3","1","1","1","2","1","1","1","1","2","2","36","1","1","1","29","6","3","16","6","1","1","1"
"375",375,"8","10","1","1","1","3","1","1","6","1","4","4","22","1","1","1","15","14","27","27","1","1","1","1"
"376",376,"56","20","1","1","1","1","1","2","4","2","1","1","71","1","1","1","15","12","40","3","45","1","1","1"
"377",377,"19","19","1","1","1","3","1","1","6","1","4","4","40","1","1","2","52","2","55","61","42","1","1","1"
"378",378,"67","26","1","1","1","1","1","3","2","4","5","1","26","1","2","1","15","10","41","36","23","1","1","1"
"379",379,"60","3","1","1","2","1","1","2","2","4","5","1","19","1","1","1","50","50","16","4","20","1","1","1"
"380",380,"31","20","1","1","1","2","1","4","3","3","3","2","61","1","2","12","51","45","41","30","3","1","1","1"
"381",381,"39","63","1","1","1","3","1","1","1","1","4","4","57","1","1","1","19","37","39","13","11","1","1","1"
"382",382,"4","14","1","1","1","2","1","4","3","3","3","2","46","8","1","12","63","31","41","27","25","1","1","1"
"383",383,"32","44","1","1","1","3","1","1","6","1","4","4","12","8","1","1","66","12","5","57","33","1","1","1"
"384",384,"5","20","1","1","1","3","1","3","2","1","4","4","55","1","1","12","41","54","8","51","12","1","1","1"
"385",385,"41","30","1","1","1","1","1","3","2","4","5","1","44","1","1","1","3","16","13","10","52","1","1","1"
"386",386,"15","55","1","1","1","1","1","2","2","2","1","1","14","1","1","1","50","6","1","4","10","1","1","1"
"387",387,"72","57","1","1","1","3","1","3","6","4","5","4","36","1","1","1","45","28","5","17","1","1","1","1"
"388",388,"44","81","1","1","1","4","1","5","1","1","2","3","65","1","1","1","39","11","27","49","40","1","1","1"
"389",389,"8","11","1","1","1","3","1","1","6","4","4","4","8","1","1","1","40","58","44","4","49","1","1","1"
"390",390,"15","56","1","1","1","5","1","1","1","1","2","3","14","1","1","1","16","27","15","8","7","1","1","1"
"391",391,"5","24","1","1","1","4","1","5","1","1","2","3","44","1","1","1","14","6","8","36","20","1","1","1"
"392",392,"1","60","1","1","1","4","1","5","4","2","1","1","21","1","1","1","19","9","51","43","16","1","1","1"
"393",393,"19","13","1","1","1","5","1","1","1","1","2","3","2","1","1","1","31","4","21","37","57","1","1","1"
"394",394,"5","24","1","1","1","5","1","1","1","1","2","3","24","1","1","1","17","43","44","17","17","1","1","1"
"395",395,"31","12","1","1","1","1","1","3","4","7","1","1","30","1","1","1","66","7","22","29","36","1","1","1"
"396",396,"17","52","1","1","1","4","1","5","4","2","1","1","42","1","1","1","13","9","38","26","7","1","1","1"
"397",397,"5","71","1","1","1","3","1","1","1","1","4","4","43","1","1","1","24","29","31","13","22","1","1","1"
"398",398,"2","26","1","1","1","4","1","5","4","1","2","1","4","1","1","1","50","1","23","12","15","1","1","1"
"399",399,"2","71","1","1","1","2","1","1","1","1","2","2","74","1","1","1","33","6","20","17","1","1","1","1"
"400",400,"17","27","1","1","1","1","1","3","2","4","1","1","42","1","1","1","10","25","59","1","17","1","1","1"
"401",401,"17","71","1","1","1","1","1","2","4","2","1","1","17","1","1","1","13","23","44","56","31","1","1","1"
"402",402,"72","17","1","1","1","3","1","1","1","1","4","4","10","1","1","1","80","22","10","24","1","1","1","1"
"403",403,"19","13","1","1","1","1","1","3","2","4","1","1","56","1","1","1","2","43","57","43","16","1","1","1"
"404",404,"34","27","1","1","1","3","1","1","1","1","4","4","65","1","3","1","26","52","55","25","17","1","1","1"
"405",405,"2","83","1","1","1","4","1","5","1","1","2","3","12","1","1","1","32","10","1","23","6","1","1","1"
"406",406,"5","60","1","1","1","3","1","1","1","1","4","4","17","1","1","14","74","8","20","16","8","1","1","1"
"407",407,"44","13","1","1","1","4","1","5","1","1","2","3","8","1","1","1","12","60","58","8","27","1","1","1"
"408",408,"30","49","1","1","1","3","1","1","1","1","4","4","34","1","1","14","13","23","58","15","3","1","1","1"
"409",409,"1","53","1","1","1","4","1","5","1","1","2","3","43","1","1","2","4","14","44","63","13","1","1","1"
"410",410,"1","49","1","1","1","4","1","1","1","1","2","3","65","1","2","2","62","27","56","3","4","1","1","1"
"411",411,"10","80","1","1","2","1","2","2","2","4","5","1","56","2","1","2","4","19","42","11","7","1","1","1"
"412",412,"41","16","2","2","2","2","2","4","3","3","3","2","22","2","2","2","23","47","21","5","9","1","1","1"
"413",413,"17","20","1","2","2","2","2","4","3","3","3","2","74","2","2","2","23","4",NA,"16","65","1","1","1"
"414",414,"72","38","13","2","2","2","2","4","3","3","3","2","60","2","6","2","15","51",NA,"13","24","1","1","1"
"415",415,"44","81","10","2","5","2","8","4","3","3","3","2","71","2","2","2","6","23",NA,"25","25","1","1","3"
"416",416,"2","58","5","6","2","2","9","7","3","3","3","2","22","2","6","2","9","33",NA,"15","65","1","1","4"
"417",417,"2","3","12","8","2","2","2","4","3","3","3","2","40","2","2","2","40","25",NA,"11","50","1","1","3"
"418",418,"3","30","2","5","2","2","2","4","3","3","3","2","55","2","5","5","9","22",NA,"59","49","1","1","1"
"419",419,"30","7","2","2","2","2","2","4","3","3","3","2","22","2","2","2","13","17",NA,"53","17","6","1","1"
"420",420,"4","43","2","6","2","2","2","4","3","3","3","2","2","2","10","5","13","22",NA,"10","4","1","1","1"
"421",421,"1","87","12","4","2","2","2","4","3","3","3","2","45","2","9","5","61","5",NA,"25","6","1","1","1"
"422",422,"1","58","17","6","2","2","2","4","3","3","3","2","17","2","2","2","4","3",NA,"50","13","1","5","7"
"423",423,"2","43","5","4","6","2","2","7","3","3","3","2","1","2","9","2","74","40",NA,"30","16","1","1","3"
"424",424,"15","19","10","4","8","2","9","7","3","3","3","2","15","2","9","2","6","9",NA,"33","4","1","5","1"
"425",425,"67","48","1","5","1","3","1","1","6","1","4","4","7","1","10","2","4","34",NA,"20","4","1","1","1"
"426",426,"30","88","2","3","2","3","2","1","6","1","4","4","74","2","2","2","6","31",NA,"16","17","1","1","1"
"427",427,"44","43","2","2","2","2","2","4","3","3","3","2","1","2","2","2","67","38",NA,"39","67","7","1","1"
"428",428,"29","23","2","3","2","2","2","4","3","3","3","2","17","2","2","2","4","63",NA,"32","12","1","1","1"
"429",429,"48","48","2","2","2","2","2","4","3","3","3","2","20","2","2","22","10","4",NA,"29","8","1","1","1"
"430",430,"78","24","7","8","1","2","2","4","3","3","3","2","8","2","2","2","59",NA,NA,"12","13","1","1","1"
"431",431,"2","70","1","1","1","3","1","1","1","1","4","4","19","1","12","2","13",NA,NA,"56","17","1","1","1"
"432",432,"44","14","1","1","2","2","8","4","3","3","3","2","43","2","2","2","4",NA,NA,"32","57","1","1","1"
"433",433,"1","14","1","2","2","2","2","4","3","3","3","2","45","2","5","2","14",NA,NA,"12","57","1","1","1"
"434",434,"17","22","1","2","1","2","1","1","1","3","3","2","13","1","2","2","15",NA,NA,"28","17","1","1","1"
"435",435,"49","59","2","9","2","2","2","4","3","3","3","2","10","2","2","2","4",NA,NA,"47","12","7","1","1"
"436",436,"34","7","7","5","2","2","9","4","3","3","3","2","56","2","2","2","7",NA,NA,"12","64","1","1","1"
"437",437,"74","17","9","2","2","2","2","4","3","3","3","2","10","2","2","2","6",NA,NA,"32","72","10","1","4"
"438",438,"17","32","11","7","2","2","2","4","3","3","3","2","54","2","2","5","67",NA,NA,"62","14","10","1","1"
"439",439,"2","55","9","5","2","2","2","4","3","3","3","2","10","2","2","5","6",NA,NA,"41","72","1","1","1"
"440",440,"15","20","3","2","12","2","2","4","3","3","3","2","65","2","2","2","10",NA,NA,"5","7","6","1","5"
"441",441,"2","32","17","6","2","2","5","4","3","3","3","2","41","2","2","5","10",NA,NA,"19","17","10","1","1"
"442",442,"19","1","4","4","14","2","5","7","3","3","3","2","44","2","2","2","10",NA,NA,"26","69","3","1","7"
"443",443,"1","19","15","2","14","2","9","7","3","3","3","2","3","2","2","2","9",NA,NA,"35","34","1","1","1"
"444",444,"2","41","5","6","2","2","5","7","3","3","3","2","41","2","9","2","18",NA,NA,"29","65","1","1","1"
"445",445,"2","17","2","2","2","2","2","7","3","3","3","2","16","2","6","2","6",NA,NA,"4","13","1","1","3"
"446",446,"33","21","2","2","2","2","2","7","3","3","3","2","66","2","2","2","4",NA,NA,"57","4","1","1","1"
"447",447,"63","61","7","2","2","2","2","4","3","3","3","2","42","2","2","2","14",NA,NA,"19","57","1","1","1"
"448",448,"26","11","7","4","2","2","2","4","3","3","3","2","13","2","2","2","6",NA,NA,"26","16","3","1","1"
"449",449,"53","63","6","2","2","2","2","4","3","3","3","2","4","2","2","2","10",NA,NA,"32","15","1","1","7"
"450",450,"5","29","7","2","2","2","2","7","3","3","3","2","47","2","2","2","4",NA,NA,"19","36","1","1","1"
"451",451,"37","83","16","2","2","2","2","4","3","3","3","2","39","2","2","2","9",NA,NA,"46","9","1","1","1"
"452",452,"2","17","16","2","2","6","2","4","3","3","3","2","14","2","2","2","10",NA,NA,"38","2","1","1","1"
"453",453,"15","61","13","5","2","2","2","4","3","3","3","2","62","2","2","2","9",NA,NA,"20","7","1","1","1"
"454",454,"8","5","4","2","2","2","2","4","3","3","3","2","41","2","10","2","32",NA,NA,"3","24","1","1","5"
"455",455,"2","25","9","2","2","2","2","4","3","3","3","2","15","2","8","2","4",NA,NA,"4","36","1","1","1"
"456",456,"2","30","2","5","2","2","2","4","3","3","3","2","21","2","2","21","7",NA,NA,"12","52","1","1","1"
"457",457,"67","17","2","2","6","2","2","4","3","3","3","2","21","2","2","2","2",NA,NA,"30","13","1","1","1"
"458",458,"48","17","4","2","6","2","2","4","3","1","3","2","44","2","5","21","25",NA,NA,"42","36","1","1","1"
"459",459,"34","5","2","7","2","2","2","4","3","3","3","2","4","2","2","2","10",NA,NA,"32","14","10","1","1"
"460",460,"58","85","8","2","2","2","2","4","3","3","3","2","28","2","2","2","10",NA,NA,"44","24","1","1","7"
"461",461,"10","15","8","9","2","2","2","4","3","3","3","2","1","2","2","2","6",NA,NA,"32","36","1","7","1"
"462",462,"46","22","16","2","2","2","2","4","3","3","3","2","5","2","2","2","6",NA,NA,"45","50","1","1","1"
"463",463,"5","86","16","2","2","2","2","4","3","3","3","2","23","2","2","2","3",NA,NA,"20","36","7","1","1"
"464",464,"29","61","16","2","2","2","2","4","3","3","3","2","25","2","2","2","8",NA,NA,"64","64","1","1","1"
"465",465,"46","11","8","2","2","2","2","4","3","3","3","2","25","2","2","2","6",NA,NA,"32","69","1","1","1"
"466",466,"15","32","2","2","2","2","2","4","3","3","3","2","5","2","2","2","6",NA,NA,"25","38","1","1","1"
"467",467,"3","13","9","2","2","2","2","4","3","3","3","2","60","2","2","2","28",NA,NA,"6","52","1","1","1"
"468",468,"2","90","6","4","2","2","2","4","3","3","3","2","6","2","2","2","72",NA,NA,"32","13","1","1","1"
"469",469,"2","90","8","2","5","5","2","4","3","3","3","2","65","2","2","2","7",NA,NA,"5","31","1","1","5"
"470",470,"31","8","2","2","5","2","2","7","3","3","3","2","40","2","2","2","23",NA,NA,"18","47","1","1","1"
"471",471,"78","27","13","2","2","2","2","4","3","3","3","2","3","2","2","2","70",NA,NA,"32","9","1","1","1"
"472",472,"32","32","2","1","2","2","1","4","3","3","3","2","13","2","5","2","74",NA,NA,"59","2","1","1","1"
"473",473,"32","19","1","1","2","2","2","4","3","3","3","2","34","4","2","2","15",NA,NA,"39","31","1","1","1"
"474",474,"6","4","4","5","1","2","1","1","1","3","3","2","40","2","3","2","10",NA,NA,"44","44","1","1","1"
"475",475,"3","4","2","5","1","2","2","1","1","1","2","2","15","4","1","2","19",NA,NA,"41","50","6","1","1"
"476",476,"70","6","7","2","2","2","2","4","3","3","3","2","71","2","2","2","60",NA,NA,"41","9","1","1","1"
"477",477,"34","40","2","2","2","2","2","4","3","3","3","2","60","2","2","2","48",NA,NA,"53","3","6","1","1"
"478",478,"10","79","1","1","2","2","2","4","3","3","3","2","10","2","1","2","36",NA,NA,"12","47","1","1","1"
"479",479,"22","40","1","1","1","3","2","4","3","3","3","2","45","2","1","2","4",NA,NA,"24","15","2","1","1"
"480",480,"14","11","4","9","1","1","1","3","6","1","4","1","13","2","2","2","60",NA,NA,"48","4","1","1","3"
"481",481,"54","17","2","2","11","2","2","2","2","4","1","2","24","1","2","2","14",NA,NA,"64","29","1","1","1"
"482",482,"53","4","14","7","2","2","2","4","3","3","3","2","4","2","2","2","76",NA,NA,"55","33","1","1","1"
"483",483,"16","16","14","2","2","2","2","4","3","3","3","2","45","5","7","2","23",NA,NA,"52","37","1","1","5"
"484",484,"8","29","16","2","12","2","2","4","3","3","3","2","43","2","2","1","59",NA,NA,"51","64","1","1","1"
"485",485,"2","12","9","2","2","2","2","4","3","3","3","2","6","5","7","2","80",NA,NA,"26","13","1","1","1"
"486",486,"33","6","13","2","2","2","2","4","3","3","3","2","66","2","2","11","57",NA,NA,"12","33","1","1","1"
"487",487,"38","25","14","5","2","2","2","4","3","3","3","2","15","2","2","2","3",NA,NA,"3","50","1","1","4"
"488",488,"16","6","14","1","2","2","2","4","3","3","3","2","64","1","2","6","3",NA,NA,"41","57","1","1","1"
"489",489,"2","47","10","4","12","1","2","4","3","3","3","2","47","2","2","1","3",NA,NA,"34","36","6","1","3"
"490",490,"40","33","11","1","12","2","5","3","2","4","5","2","10","1","1","2","6",NA,NA,"42","13","1","1","1"
"491",491,"15","17","1","1","7","1","1","7","3","3","3","2","15","2","6","2","66",NA,NA,"60","53","7","1","1"
"492",492,"26","17","1","1","1","1","1","2","2","4","1","1","15","1","1","2","12",NA,NA,"35","62","1","1","1"
"493",493,"10","79","10","4","1","1","1","3","2","4","1","1","12","1","6","2","76",NA,NA,"47","22","1","1","6"
"494",494,"47","48","7","2","2","2","2","2","4","2","1","2","18","1","2","1","14",NA,NA,"42","54","1","1","1"
"495",495,"9","47","11","6","2","2","2","7","3","3","3","2","47","2","3","2","6",NA,NA,"3","13","7","1","3"
"496",496,"3","62","17","2","2","2","2","4","3","3","3","2","4","2","2","1","50",NA,NA,"11","15","1","1","1"
"497",497,"46","13","1","2","2","2","2","4","3","3","3","2","1","2","3","2","57",NA,NA,"32","58","1","1","1"
"498",498,"3","47","1","1","1","2","2","4","3","3","3","2","47","1","1","2","59",NA,NA,"3","4","1","1","1"
"499",499,"73","25","1","1","1","3","1","4","3","3","3","4","24","2","2","14","58",NA,NA,"11","34","1","1","1"
"500",500,"22","15","2","2","1","2","1","1","6","1","4","4","44","1","1","22","3",NA,NA,"51","57","1","1","1"
"501",501,"33","8","2","6","2","2","2","1","3","3","3","2","23","2","2","2","10",NA,NA,"51","56","1","1","7"
"502",502,"38","13","4","2","2","2","2","4","3","3","3","2","62","2","8","1","20",NA,NA,"42","21","1","1","1"
"503",503,"2","61","1","1","2","2","8","4","3","3","3","2","49","2","2","2","24",NA,NA,"12","30","1","1","1"
"504",504,"11","6","1","1","1","3","1","4","1","3","3","4","71","1","1","1","3",NA,NA,"3","13","1","1","1"
"505",505,"69","10","1","2","1","1","1","1","1","1","4","4","65","2","2","1","26",NA,NA,"5","8","1","1","1"
"506",506,"64","4","1","1","1","2","2","3","2","4","1","2","8","1","1","5","13",NA,NA,"39","37","1","1","1"
"507",507,"74","12","1","1","2","1","2","4","3","3","3","2","23","2","2","1","41",NA,NA,"47","11","1","1","1"
"508",508,"9","74","1","1","1","2","1","2","2","4","5","4","18","1","11","5","9",NA,NA,"27","8","1","7","1"
"509",509,"76","61","1","1","1","3","1","1","1","1","4","4","44","1","1","1","57",NA,NA,"14","17","1","1","1"
"510",510,"19","56","10","9","1","3","1","1","6","1","4","4","19","7","11","2","59",NA,NA,"47","7","1","1","5"
"511",511,"3","4","10","1","8","2","2","1","1","1","2","2","40","1","1","2","4",NA,NA,"19","31","1","1","1"
"512",512,"32","40","1","1","8","5","2","7","3","3","3","2","42","7","11","2","83",NA,NA,"5","4","1","1","1"
"513",513,"12","12","1","2","1","5","1","1","1","1","2","3","12","2","2","2","4",NA,NA,"2","31","1","1","1"
"514",514,"12","51","4","8","2","2","2","1","1","1","2","3","19","2","2","2","15",NA,NA,"12","1","1","1","5"
"515",515,"16","37","2","2","2","2","2","4","3","3","3","2","58","2","2","2","3",NA,NA,"11","23","1","1","1"
"516",516,"29","40","2","2","12","2","2","4","3","3","3","2","45","2","2","2","56",NA,NA,"14","1","1","1","1"
"517",517,"11","68","1","5","2","2","2","4","3","3","3","2","42","2","2","1","1",NA,NA,"22","5","1","1","1"
"518",518,"45","5","5","7","11","2","2","4","3","3","3","2","8","2","2","1","10",NA,NA,"48","24","1","1","1"
"519",519,"50","33","12","1","11","6","2","4","3","3","3","2","23","2","2","2","2",NA,NA,"30","20","1","1","1"
"520",520,"23","21","1","1","2","2","2","7","3","3","3","2","65","2","1","13","4",NA,NA,"9","12","11","1","1"
"521",521,"23","12","1","1","1","4","1","1","1","1","2","4","59","1","1","2","40",NA,NA,"44","48","1","1","1"
"522",522,"64","15","1","1","9","1","1","5","4","1","2","1","34","1","1","23","4",NA,NA,"59","47","1","1","2"
"523",523,"24","61","2","2","1","1","3","2","2","4","5","1","22","2","2","2","32",NA,NA,"23","35","6","1","1"
"524",524,"13","12","2","1","2","2","2","2","2","4","5","2","47","1","1","1","62",NA,NA,"11","16","1","1","1"
"525",525,"7","52","10","4","2","3","1","4","3","3","3","2","27","2","2","1","24",NA,NA,"56","14","1","1","3"
"526",526,"4","25","6","1","6","2","9","1","1","1","4","2","42","1","13","2","20",NA,NA,"44","41","1","1","1"
"527",527,"43","25","2","6","11","5","2","7","3","3","3","2","35","2","2","2","5",NA,NA,"9","11","7","1","1"
"528",528,"57","32","1","1","1","2","2","1","1","1","2","2","37","1","1","3","76",NA,NA,"6","21","1","1","1"
"529",529,"49","44","1","1","2","1","2","4","3","3","3","2","35","2","2","2","7",NA,NA,"5","37","1","1","1"
"530",530,"9","26","1","1","1","1","1","2","5","4","1","1","26","1","1","1","3",NA,NA,"35","5","1","1","1"
"531",531,"58","11","1","7","1","2","1","3","2","4","5","2","7","1","11","1","47",NA,NA,"63","58","1","1","6"
"532",532,"3","26","10","1","8","2","1","1","1","1","3","2","13","1","1","2","7",NA,NA,"10","11","1","1","1"
"533",533,"37","59","1","1","8","1","5","4","3","3","3","2","3","1","3","2","37",NA,NA,"56","37","1","1","1"
"534",534,"9","60","1","1","1","3","1","2","2","4","5","4","55","1","1","2","18",NA,NA,"39","34","7","1","1"
"535",535,"6","29","1","1","1","1","1","1","1","1","4","1","2","1","1","2","29",NA,NA,"59","27","1","1","1"
"536",536,"12","5","1","4","1","2","1","2","4","2","1","1","59","2","3","2","47",NA,NA,"64","11","1","1","1"
"537",537,"6","59","2","2","13","2","5","1","1","1","3","2","34","2","8","1","1",NA,NA,"46","21","1","1","1"
"538",538,"65","81","13","2","13","2","5","4","3","3","3","2","40","2","2","1","58",NA,NA,"19","37","1","1","1"
"539",539,"52","27","1","1","2","2","2","4","3","3","3","2","11","1","2","1","13",NA,NA,"33","55","1","1","1"
"540",540,"11","52","1","1","2","5","1","4","3","3","3","2","67","2","2","1","39",NA,NA,"59","45","3","1","1"
"541",541,"52","21","1","1","1","4","1","1","1","1","2","3","56","1","1","1","3",NA,NA,"20","45","1","1","1"
"542",542,"49","49","1","1","1","3","1","5","1","1","2","3","38","1","1","5","17",NA,NA,"59","41","1","1","3"
"543",543,"32","20","1","1","1","4","1","1","1","1","4","4","21","1","1","3","51",NA,NA,"11","31","1","1","1"
"544",544,"16","32","5","6","1","1","1","1","1","1","2","1","37","1","9","1","58",NA,NA,"47","4","1","1","1"
"545",545,"28","5","5","1","8","2","9","3","2","4","5","2","19","1","1","6","51",NA,NA,"11","29","1","1","1"
"546",546,"54","1","1","1","6","5","1","7","3","3","3","2","54","2","9","13","18",NA,NA,"19","41","11","1","1"
"547",547,"62","21","1","1","1","2","1","1","1","1","2","2","35","1","1","3","62",NA,NA,"30","14","1","1","1"
"548",548,"11","90","1","1","1","1","1","1","3","3","3","1","35","1","1","5","56",NA,NA,"54","51","1","1","1"
"549",549,"52","25","1","1","1","3","1","2","4","2","1","1","37","1","1","19","8",NA,NA,"59","29","1","1","1"
"550",550,"18","17","1","1","1","1","1","1","6","1","4","6","63","1","1","9","8",NA,NA,"22","21","1","1","1"
"551",551,"54","6","1","1","1","1","1","2","5","4","1","1","22","1","1","3","5",NA,NA,"50","41","1","1","1"
"552",552,"32","73","1","1","1","2","1","3","2","4","5","4",NA,"1","1","3","8",NA,NA,"10","23","1","1","1"
"553",553,"6","4","1","1","1","3","1","1","1","1","4","4",NA,"1","1","3","39",NA,NA,"16","8","1","1","1"
"554",554,"28","62","1","1","1","1","1","1","1","1","4","1",NA,"1","1","3","21",NA,NA,"21","21","1","1","1"
"555",555,"18","26","1","1","3","1","3","2","5","4","1","1",NA,"1","1","3","1",NA,NA,"12","34","1","1","1"
"556",556,"62","75","1","1","3","1","3","2","5","2","1","1",NA,"1","1","1","17",NA,NA,"51","71","1","1","1"
"557",557,"73","66","1","1","3","1","3","2","5","2","1","1",NA,"1","1","3","40",NA,NA,"21","41","1","1","1"
"558",558,"6","5","1","1","3","1","3","2","5","4","1","1",NA,"1","1","1","1",NA,NA,"5","34","1","2","1"
"559",559,"18","20","1","1","1","4","3","2","5","2","1","1",NA,"1","1","1","64",NA,NA,"5","6","1","1","1"
"560",560,"43","21","1","1","1","1","1","5","4","5","2","1",NA,"1","1","1","1",NA,NA,"41","51","1","1","1"
"561",561,"49","62","1","1","1","4","1","2","5","4","1","1",NA,"1","1","3","56",NA,NA,"59","48","1","1","1"
"562",562,"52","49","1","1","1","4","3","5","4","2","1","1",NA,"1","1","3","17",NA,NA,"19","61","1","1","1"
"563",563,"37","29","1","1","1","3","1","5","1","5","2","4",NA,"1","1","3","1",NA,NA,"51","37","1","1","1"
"564",564,"59","24","1","1","1","3","1","1","1","1","4","4",NA,"1","1","3","17",NA,NA,"20","29","1","1","1"
"565",565,"13","75","1","1","1","1","1","1","2","1","4","1",NA,"1","1","1","3",NA,NA,"23","8","1","1","1"
"566",566,"35","40","1","1","3","1","3","2","2","4","1","1",NA,"1","1","16","8",NA,NA,"20","51","1","1","1"
"567",567,"13","6","18","1","3","1","3","2","5","2","1","1",NA,"1","1","3","44",NA,NA,"38","21","1","1","1"
"568",568,"37","21","1","1","3","4","3","2","5","2","1","1",NA,"1","1","27","1",NA,NA,"38","43","1","1","1"
"569",569,"54","80","1","1","1","1","3","2","4","2","1","1",NA,"1","1","3","53",NA,NA,"31","52","1","1","1"
"570",570,"12","2","1","1","1","1","1","2","4","2","1","1",NA,"1","1","3","44",NA,NA,"14","1","1","1","1"
"571",571,"23","52","1","1","1","4","3","2","2","4","1","1",NA,"1","1","3","1",NA,NA,"22","21","1","1","1"
"572",572,"21","59","1","1","3","1","3","5","4","2","1","1",NA,"1","1","3","44",NA,NA,"12","4","1","1","1"
"573",573,"13","45","1","1","3","4","3","2","5","4","1","1",NA,"1","1","3","8",NA,NA,"54","1","1","1","1"
"574",574,"29","62","1","1","3","1","3","2","4","2","2","1",NA,"1","1","3","22",NA,NA,"39","51","1","1","1"
"575",575,"12","86","1","1","3","1","3","2","5","2","1","1",NA,"1","1","3","21",NA,NA,"12","29","1","1","1"
"576",576,"25","28","1","1","3","1","3","2","5","2","1","1",NA,"1","1","3","38",NA,NA,"55","33","1","1","1"
"577",577,"6","68","1","1","3","1","3","2","5","2","1","1",NA,"1","1","3","17",NA,NA,"54","15","1","6","1"
"578",578,"23","5","1","1","3","1","3","2","5","2","1","1",NA,"1","1","1","22",NA,NA,"54","61","1","1","1"
"579",579,"12","39","1","1","3","1","3","2","5","2","1","1",NA,"1","1","3","1",NA,NA,"44","71","1","1","1"
"580",580,"13","62","1","1","3","1","3","2","4","2","1","1",NA,"1","1","15","18",NA,NA,"9","73","1","1","1"
"581",581,"11","21","1","1","3","1","3","2","5","2","1","1",NA,"1","1","3","13",NA,NA,"43","21","1","1","1"
"582",582,"12","54","1","1","15","1","3","2","2","4","5","1",NA,"1","1","3","1",NA,NA,"33","13","8","4","1"
"583",583,"41","37","1","1","3","4","3","2","5","2","1","1",NA,"1","1","9","7",NA,NA,"24","49","1","1","1"
"584",584,"6","27","1","1","3","4","3","5","4","5","2","1",NA,"1","1","18","18",NA,NA,"34","48","1","1","1"
"585",585,"4","81","1","1","3","1","3","2","4","2","1","1",NA,"1","1","4","65",NA,NA,"59","52","1","1","1"
"586",586,"7","66","1","1","3","4","3","2","5","2","1","1",NA,"1","1","4","3",NA,NA,"19","37","1","1","1"
"587",587,"25","30","1","1","3","1","3","2","4","2","1","1",NA,"1","1","3","8",NA,NA,"14","21","1","1","1"
"588",588,"12","51","1","1","3","1","3","2","5","2","1","1",NA,"1","1","3","53",NA,NA,"2","3","1","1","1"
"589",589,"57","8","1","1","15","8","3","2","5","2","1","1",NA,"1","1","3","38",NA,NA,"19","51","1","1","1"
"590",590,"52","6","1","1","1","4","6","5","4","5","2","1",NA,"1","1","3","1",NA,NA,"17","6","1","1","1"
"591",591,"52","9","1","1","1","9","3","5","4","2","2","1",NA,"1","1","3","29",NA,NA,"58","18","1","1","1"
"592",592,"6","8","1","1","3","1","3","2","4","2","1","1",NA,"1","1","7","17",NA,NA,"22","51","1","1","1"
"593",593,"7","36","1","1","3","1","3","2","5","2","1","1",NA,"1","1","3","22",NA,NA,NA,"21","1","1","1"
"594",594,"11","61","1","1","3","1","3","2","5","4","1","1",NA,"1","1","3","16",NA,NA,NA,"29","1","1","1"
"595",595,"23","29","1","1","3","1","3","2","5","2","1","1",NA,"1","1","3","5",NA,NA,NA,"24","9","1","1"
"596",596,"16","38","1","1","3","8","3","2","5","2","1","1",NA,"1","1","3","47",NA,NA,NA,"61","1","1","1"
"597",597,"42","70","1","1","3","1","3","2","4","2","1","1",NA,"1","1","1","30",NA,NA,NA,"11","1","1","1"
"598",598,"11","62","1","1","3","1","3","2","4","2","1","1",NA,"1","1","3","3",NA,NA,NA,"34","1","1","1"
"599",599,"53","10","1","1","3","4","3","2","5","2","1","1",NA,"1","1","1","8",NA,NA,NA,"34","1","1","1"
"600",600,"29","60","1","1","1","4","1","2","4","2","1","1",NA,"1","1","3","53",NA,NA,NA,"29","1","1","1"
"601",601,"2","1","1","1","3","1","1","5","1","1","2","1",NA,"1","1","1","53",NA,NA,NA,"5","1","1","1"
"602",602,"25","9","1","1","3","1","1","2","4","2","1","1",NA,"1","1","7","21",NA,NA,NA,"4","1","1","1"
"603",603,"69","34","1","1","3","1","3","2","2","4","5","1",NA,"1","1","3","48",NA,NA,NA,"55","1","2","1"
"604",604,"8","72","1","1","3","5","3","2","5","2","1","3",NA,"1","1","9","53",NA,NA,NA,"11","1","1","1"
"605",605,"10","73","1","1","1","1","1","1","1","1","2","3",NA,"1","1","3","1",NA,NA,NA,"3","1","1","1"
"606",606,"29","21","1","1","1","1","1","3","1","1","2","1",NA,"1","1","1","29",NA,NA,NA,"56","1","1","1"
"607",607,"47","5","1","1","3","1","3","2","5","4","1","1",NA,"1","1","3","40",NA,NA,NA,"41","1","1","1"
"608",608,"20","14","1","1","3","1","3","2","5","2","1","1",NA,"1","1","1","68",NA,NA,NA,"34","1","1","1"
"609",609,"52","68","1","1","1","1","1","2","5","2","1","1",NA,"1","1","3","73",NA,NA,NA,"21","1","1","1"
"610",610,"25","79","1","1","1","1","1","2","2","4","5","1",NA,"1","1","3","1",NA,NA,NA,"21","1","1","1"
"611",611,"29","17","1","1","10","1","3","2","4","2","1","1",NA,"1","1","3","1",NA,NA,NA,"5","1","1","1"
"612",612,"10","49","1","1","10","1","3","2","2","4","1","1",NA,"1","1","7","25",NA,NA,NA,"69","1","1","1"
"613",613,"11","28","1","1","1","4","3","2","4","2","1","1",NA,"1","1","3","64",NA,NA,NA,"2","2","1","1"
"614",614,"53","30","1","1","3","1","3","5","1","6","2","1",NA,"1","1","1","17",NA,NA,NA,"51","1","1","1"
"615",615,"12","14","1","1","3","1","3","2","5","2","1","1",NA,"1","1","3","43",NA,NA,NA,"37","1","1","1"
"616",616,"9","12","1","1","3","1","3","2","5","2","1","1",NA,"1","1","1","53",NA,NA,NA,"25","1","1","1"
"617",617,"24","8","1","1","1","1","3","2","5","4","1","1",NA,"1","1","3","8",NA,NA,NA,"14","1","1","1"
"618",618,"1","6","1","1","7","1","3","2","4","2","1","1",NA,"1","1","3","47",NA,NA,NA,"32","1","1","1"
"619",619,"51","9","1","1","7","1","1","2","5","2","1","1",NA,"1","1","3","46",NA,NA,NA,"9","1","1","1"
"620",620,"15","36","1","1","1","1","1","2","2","4","5","1",NA,"1","1","3","18",NA,NA,NA,"38","1","1","1"
"621",621,"31","3","1","1","9","1","3","2","4","2","1","1",NA,"1","1","7","61",NA,NA,NA,"71","1","1","1"
"622",622,"25","77","1","1","3","1","3","2","2","4","5","1",NA,"1","1","9","22",NA,NA,NA,"9","1","1","1"
"623",623,"42","70","1","1","3","1","3","2","4","2","1","1",NA,"1","1","7","21",NA,NA,NA,"2","1","1","1"
"624",624,"41","45","1","1","3","1","3","2","5","2","1","1",NA,"1","1","5","28",NA,NA,NA,"51","1","1","1"
"625",625,"7","2","1","1","3","1","3","2","5","4","1","1",NA,"1","1","3","73",NA,NA,NA,"7","1","1","1"
"626",626,"31","23","1","1","3","4","3","2","5","2","1","3",NA,"1","1","4","1",NA,NA,NA,"7","1","1","1"
"627",627,"54","89","1","1","3","4","3","5","4","5","2","1",NA,"1","1","1","69",NA,NA,NA,"2","1","1","1"
"628",628,"40","18","1","1","3","1","3","2","4","2","1","1",NA,"1","1","4","11",NA,NA,NA,"51","1","1","1"
"629",629,"11","10","1","1","3","1","3","2","5","2","1","1",NA,"1","1","3","12",NA,NA,NA,"21","1","4","1"
"630",630,"24","50","1","1","3","3","3","2","5","2","1","1",NA,"1","1","3","44",NA,NA,NA,"2","1","1","1"
"631",631,"25","48","1","1","3","1","3","1","1","1","4","1",NA,"1","1","16","61",NA,NA,NA,"25","1","4","1"
"632",632,"63","72","1","1","1","4","3","2","5","2","1","1",NA,"1","1","3","43",NA,NA,NA,"51","1","1","1"
"633",633,"57","73","1","1","1","8","3","5","4","5","2","1",NA,"1","1","3","21",NA,NA,NA,"41","1","1","1"
"634",634,"63","78","1","1","3","1","3","5","4","2","1","1",NA,"1","1","3","30",NA,NA,NA,"4","1","1","1"
"635",635,"5","37","1","1","3","1","3","2","5","2","1","1",NA,"1","12","3","40",NA,NA,NA,"2","1","1","1"
"636",636,"29","43","1","1","3","1","3","2","4","2","1","1",NA,"1","1","3","1",NA,NA,NA,"17","1","1","1"
"637",637,"50","57","1","1","3","1","3","2","4","2","1","1",NA,"1","1","3","1",NA,NA,NA,"21","1","1","1"
"638",638,"25","51","1","1","3","1","3","2","5","2","1","1",NA,"1","1","3","1",NA,NA,NA,"51","1","1","1"
"639",639,"6","39","1","1","3","9","3","2","5","2","1","1",NA,"1","1","3","18",NA,NA,NA,"50","1","1","1"
"640",640,"57","52","1","1","3","1","3","2","4","2","1","1",NA,"1","1","6","34",NA,NA,NA,"30","1","1","1"
"641",641,"21","15","1","1","3","1","3","2","4","2","1","1",NA,"1","1","4","73",NA,NA,NA,"14","1","6","1"
"642",642,"47","32","1","1","3","1","3","2","5","2","1","1",NA,"1","1","6","1",NA,NA,NA,"6","1","2","1"
"643",643,"16","30","1","10","3","1","3","2","5","2","1","1",NA,"1","1","2","21",NA,NA,NA,"67","1","1","1"
"644",644,"62","38","1","10","10","1","3","2","5","4","1","1",NA,"1","1","3","54",NA,NA,NA,"17","1","6","1"
"645",645,"21","69","1","1","10","1","3","2","5","2","1","1",NA,"1","1","2","37",NA,NA,NA,"1","1","1","1"
"646",646,"40","18","1","3","3","4","3","2","4","2","1","1",NA,"1","1","4","21",NA,NA,NA,"24","1","1","1"
"647",647,"45","3","3","3","3","1","3","2","4","2","1","1",NA,"1","1","3","22",NA,NA,NA,"12","1","2","1"
"648",648,"47","45","1","1","3","2","3","2","5","2","1","1",NA,"1","1","1","1",NA,NA,NA,"48","1","1","1"
"649",649,"33","34","1","1","3","1","3","4","3","3","3","1",NA,"1","2","3","4",NA,NA,NA,"50","1","1","1"
"650",650,"13","9","1","1","3","1","3","2","5","2","1","1",NA,"1","1","2","34",NA,NA,NA,"29","1","1","1"
"651",651,"13","76","1","1","3","2","3","2","5","2","1","1",NA,"1","1","4","11",NA,NA,NA,"5","1","1","1"
"652",652,"36","46","1","1","3","1","3","1","1","1","3","1",NA,"1","1","2","22",NA,NA,NA,"29","1","8","1"
"653",653,"42","54","1","2","1","3","1","2","5","2","1","4",NA,"1","1","4","9",NA,NA,NA,"51","1","1","1"
"654",654,"52","43","2","1","1","2","1","1","1","1","4","2",NA,"1","1","10","21",NA,NA,NA,"3","1","1","1"
"655",655,"32","83","1","1","1","2","1","4","3","3","3","2",NA,"1","1","16","73",NA,NA,NA,"21","1","1","1"
"656",656,"8","53","1","1","1","1","3","4","3","3","3","1",NA,"1","1","4","7",NA,NA,NA,"41","1","1","1"
"657",657,"55","41","1","1","1","1","3","2","4","2","1","1",NA,"1","1","3","1",NA,NA,NA,"21","1","1","1"
"658",658,"11",NA,"1","1","1","2","1","2","4","2","1","2",NA,"1","1","3","1",NA,NA,NA,"51","1","1","1"
"659",659,"51",NA,"1","1","1","5","1","4","3","3","3","2",NA,"1","1","3","4",NA,NA,NA,"41","1","1","1"
"660",660,"13",NA,"1","1","1","1","7","1","1","1","2","1",NA,"1","1","3","25",NA,NA,NA,"74","1","2","1"
"661",661,"70",NA,"1","1","3","1","3","2","5","2","1","1",NA,"1","1","4","11",NA,NA,NA,"39","1","1","1"
"662",662,"23",NA,"1","1","10","5","3","2","5","2","1","1",NA,"1","1","3","21",NA,NA,NA,"5","1","1","1"
"663",663,"3",NA,"1","1","1","1","1","1","1","1","2","3",NA,"1","1","2","9",NA,NA,NA,"32","1","1","1"
"664",664,"62",NA,"1","1","3","1","3","2","5","2","1","1",NA,"1","1","2","11",NA,NA,NA,"17","1","1","1"
"665",665,"6",NA,"1","1","3","1","7","2","5","2","1","1",NA,"1","1","18","75",NA,NA,NA,"47","1","1","2"
"666",666,"53",NA,"14","4","3","4","3","2","5","2","1","1",NA,"1","1","18","1",NA,NA,NA,"23","1","1","1"
"667",667,"7",NA,"1","2","10","1","3","2","4","2","1","1",NA,"1","2","2","7",NA,NA,NA,"29","1","1","1"
"668",668,"40",NA,"4","1","12","2","2","2","5","2","1","1",NA,"1","1","2","1",NA,NA,NA,"38","1","1","1"
"669",669,"47",NA,"2","2","2","3","5","4","3","3","3","2",NA,"1","12","2","32",NA,NA,NA,"46","1","1","1"
"670",670,"9",NA,"4","8","1","4","6","1","6","1","4","4",NA,"2","3","2","62",NA,NA,NA,"27","1","1","1"
"671",671,"47",NA,"2","5","2","2","2","5","4","2","1","2",NA,"2","7","2","22",NA,NA,NA,"51","7","1","1"
"672",672,"49",NA,"4","2","2","2","2","4","3","3","3","2",NA,"2","2","3","21",NA,NA,NA,"6","4","1","1"
"673",673,"17",NA,"14","2","5","2","2","4","3","3","3","2",NA,"2","2","2","65",NA,NA,NA,"66","1","1","1"
"674",674,"29",NA,"18","2","2","2","2","4","3","3","3","2",NA,"2","2","3","11",NA,NA,NA,"51","1","1","1"
"675",675,"58",NA,"3","3","2","2","2","4","3","3","3","2",NA,"1","1","3","75",NA,NA,NA,"35","1","1","1"
"676",676,"24",NA,"1","2","2","6","2","4","3","3","3","2",NA,"4","7","1","11",NA,NA,NA,"7","1","1","1"
"677",677,"58",NA,"4","1","1","2","2","2","5","2","1","2",NA,"1","1","10","7",NA,NA,NA,"11","1","1","1"
"678",678,"57",NA,"1","1","2","1","2","4","3","3","3","2",NA,"4","7","4","38",NA,NA,NA,"29","1","1","1"
"679",679,"6",NA,"1","1","3","1","3","4","3","3","3","1",NA,"1","1","17","33",NA,NA,NA,"51","1","1","1"
"680",680,"34",NA,"1","1","3","4","3","2","5","2","1","1",NA,"6","1","3","1",NA,NA,NA,"29","1","1","1"
"681",681,"1",NA,"1","1","1","1","1","2","5","2","1","1",NA,"1","1","3","25",NA,NA,NA,"21","1","1","1"
"682",682,"1",NA,"1","1","1","1","1","1","1","1","2","3",NA,"6","1","3","53",NA,NA,NA,"26","1","1","1"
"683",683,"1",NA,"1","1","3","1","3","2","4","2","1","1",NA,"1","1","7","79",NA,NA,NA,"15","1","1","1"
"684",684,"1",NA,"1","1","3","1","3","2","5","2","1","1",NA,"1","1","1","1",NA,NA,NA,"34","1","1","1"
"685",685,"1",NA,"1","1","3","1","3","2","5","2","1","1",NA,"1","1","1","47",NA,NA,NA,"35","1","1","1"
"686",686,"15",NA,"1","1","3","1","3","2","5","2","1","1",NA,"1","1","4","24",NA,NA,NA,"15","1","4","1"
"687",687,"4",NA,"1","1","3","5","3","2","5","2","1","1",NA,"1","1","3","7",NA,NA,NA,"61","1","1","1"
"688",688,"26",NA,"1","1","1","5","1","1","5","2","1","1",NA,"1","1","6","3",NA,NA,NA,"51","1","1","1"
"689",689,"73",NA,"1","1","1","1","1","1","1","1","2","6",NA,"1","1","3","39",NA,NA,NA,"3","1","3","1"
"690",690,"42",NA,"1","1","3","1","1","2","2","4","5","1",NA,"1","1","3","22",NA,NA,NA,"17","1","1","1"
"691",691,"74",NA,"1","1","3","1","3","2","5","2","1","1",NA,"1","1","3","5",NA,NA,NA,"51","1","1","1"
"692",692,"26",NA,"1","1","3","1","3","2","5","2","1","1",NA,"1","1","12","5",NA,NA,NA,"23","1","1","1"
"693",693,"61",NA,"1","1","1","1","3","2","2","4","5","1",NA,"1","1","19","16",NA,NA,NA,"32","6","1","1"
"694",694,"55",NA,"1","1","3","1","3","2","5","2","1","1",NA,"1","1","3","7",NA,NA,NA,"15","1","1","1"
"695",695,"14",NA,"1","1","3","1","3","2","5","2","1","1",NA,"1","1","17","5",NA,NA,NA,"47","1","1","1"
"696",696,"23",NA,"1","1","1","1","3","2","4","2","1","1",NA,"1","1","3","22",NA,NA,NA,"29","1","1","1"
"697",697,"62",NA,"1","1","7","1","5","2","2","4","5","1",NA,"1","1","3","36",NA,NA,NA,"14","1","1","1"
"698",698,"28",NA,"1","1","3","1","1","2","2","4","5","1",NA,"1","1","3","44",NA,NA,NA,"17","1","1","1"
"699",699,"13",NA,"1","1","3","1","3","2","2","4","5","1",NA,"1","1","1","3",NA,NA,NA,"19","1","1","1"
"700",700,"13",NA,"1","1","3","1","3","2","5","2","1","1",NA,"1","1","2","7",NA,NA,NA,"47","1","1","1"
"701",701,"61",NA,"1","1","3","1","3","2","4","2","1","1",NA,"1","1","4","1",NA,NA,NA,"29","1","1","1"
"702",702,"27",NA,"1","1","1","1","3","2","4","2","1","1",NA,"1","1","1","7",NA,NA,NA,"31","1","1","1"
"703",703,"28",NA,"1","2","1","2","1","2","4","2","1","1",NA,"1","1","17","1",NA,NA,NA,"52","1","1","1"
"704",704,"17",NA,"1","1","1","2","1","4","4","2","1","1",NA,"1","1","3","5",NA,NA,NA,"11","9","1","1"
"705",705,"15",NA,"1","1","1","2","2","1","3","1","3","2",NA,"1","1","12","38",NA,NA,NA,"50","1","1","1"
"706",706,"14",NA,"1","1","3","4","3","4","3","3","3","1",NA,"1","14","3","5",NA,NA,NA,"14","1","1","1"
"707",707,"38",NA,"1","1","1","1","3","1","4","2","1","1",NA,"1","1","3","54",NA,NA,NA,"19","1","1","1"
"708",708,"55",NA,"1","1","1","1","1","2","1","1","2","1",NA,"1","1","1","52",NA,NA,NA,"12","1","1","1"
"709",709,"1",NA,"1","1","3","1","3","2","5","2","1","1",NA,"1","1","25","10",NA,NA,NA,"47","1","1","1"
"710",710,"46",NA,"1","1","7","1","3","2","5","2","1","1",NA,"1","1","5","39",NA,NA,NA,"36","1","1","1"
"711",711,"9",NA,"1","1","7","1","1","2","2","4","5","1",NA,"1","1","1","22",NA,NA,NA,"47","1","1","1"
"712",712,"50",NA,"1","1","1","1","3","2","4","2","1","1",NA,"1","1","12","57",NA,NA,NA,"13","1","1","1"
"713",713,"9",NA,"1","1","1","1","3","2","4","2","1","1",NA,"1","1","3","75",NA,NA,NA,"1","1","1","1"
"714",714,"26",NA,"1","1","1","1","1","2","2","2","1","1",NA,"1","1","1","1",NA,NA,NA,"68","1","1","1"
"715",715,"9",NA,"1","1","1","3","1","3","2","4","5","4",NA,"1","9","3","24",NA,NA,NA,"55","1","1","1"
"716",716,"18",NA,"1","1","1","1","1","1","6","1","4","4",NA,"1","1","7","52",NA,NA,NA,"34","1","1","1"
"717",717,"18",NA,"8","1","1","1","1","2","6","1","4","4",NA,"1","1","3","17",NA,NA,NA,"46","1","2","1"
"718",718,"60",NA,"1","2","1","2","1","2","5","2","1","1",NA,"2","2","3","50",NA,NA,NA,"8","1","1","1"
"719",719,"49",NA,"4","1","1","2","2","4","1","1","2","2",NA,"1","2","17","25",NA,NA,NA,"20","1","1","1"
"720",720,"46",NA,"1","1","2","1","2","4","3","3","3","2",NA,"2","1","7","1",NA,NA,NA,"47","1","1","1"
"721",721,"4",NA,"1","1","1","1","3","2","4","2","1","1",NA,"1","1","6","1",NA,NA,NA,"63","1","1","1"
"722",722,"63",NA,"1","1","3","1","3","2","5","2","1","1",NA,"1","1","15","28",NA,NA,NA,"10","1","1","1"
"723",723,"34",NA,"1","1","3","1","3","2","5","2","1","1",NA,"1","1","15","42",NA,NA,NA,"22","1","1","1"
"724",724,"70",NA,"1","1","3","1","3","2","5","2","1","1",NA,"1","1","1","78",NA,NA,NA,"68","1","1","1"
"725",725,NA,NA,"1","1","1","1","3","2","4","2","1","1",NA,"1","1","7","34",NA,NA,NA,"34","1","1","1"
"726",726,NA,NA,"1","1","3","1","3","2","5","2","1","1",NA,"1","1","3","57",NA,NA,NA,"3","1","1","1"
"727",727,NA,NA,"1","1","1","4","5","2","5","2","1","1",NA,"1","1","3","4",NA,NA,NA,"3","1","1","1"
"728",728,NA,NA,"1","1","1","4","3","5","2","4","5","1",NA,"1","1","3","28",NA,NA,NA,"55","1","1","1"
"729",729,NA,NA,"1","1","1","1","1","5","4","5","2","3",NA,"1","1","4","1",NA,NA,NA,"32","1","1","1"
"730",730,NA,NA,"1","1","3","1","3","2","1","1","2","1",NA,"1","1","4","28",NA,NA,NA,"18","1","3","1"
"731",731,NA,NA,"1","1","3","1","3","2","5","2","1","1",NA,"1","1","3","42",NA,NA,NA,"3","1","1","1"
"732",732,NA,NA,"1","1","3","9","3","2","5","4","1","1",NA,"1","1","1","78",NA,NA,NA,"1","4","1","1"
"733",733,NA,NA,"1","1","1","2","1","2","4","2","1","1",NA,"1","1","4","19",NA,NA,NA,"34","1","1","1"
"734",734,NA,NA,"1","1","1","1","3","2","4","2","1","1",NA,"1","1","8","28",NA,NA,NA,"50","1","1","1"
"735",735,NA,NA,"1","1","1","1","1","2","1","1","3","1",NA,"2","1","8","15",NA,NA,NA,"26","4","1","1"
"736",736,NA,NA,"11","3","1","1","3","2","5","2","1","1",NA,"1","1","8","28",NA,NA,NA,"11","1","1","2"
"737",737,NA,NA,"3","3","1","6","4","2","2","4","5","1",NA,"3","4","8","27",NA,NA,NA,"61","4","1","1"
"738",738,NA,NA,"3","3","5","6","4","2","5","2","1","5",NA,"3","4","8","3",NA,NA,NA,"8","4","1","1"
"739",739,NA,NA,"3","3","4","6","4","6","3","3","3","5",NA,"3","4","8","63",NA,NA,NA,"47","1","1","1"
"740",740,NA,NA,"3","3","4","6","4","6","3","3","3","5",NA,"3","4","1","14",NA,NA,NA,"7","4","1","1"
"741",741,NA,NA,"3","3","4","6","4","6","3","3","3","5",NA,"3","4","1","2",NA,NA,NA,"28","1","1","1"
"742",742,NA,NA,"3","3","4","6","4","6","3","3","3","5",NA,"3","4","1","6",NA,NA,NA,"73","1","1","1"
"743",743,NA,NA,"3","3","4","6","4","6","3","3","3","5",NA,"3","4","1","14",NA,NA,NA,"52","1","1","1"
"744",744,NA,NA,"3","1","4","6","1","6","3","3","3","5",NA,"3","4","1","63",NA,NA,NA,"38","1","1","1"
"745",745,NA,NA,"1","1","1","3","1","6","3","3","3","5",NA,"3","1","1","13",NA,NA,NA,"37","1","1","1"
"746",746,NA,NA,"1","1","1","4","1","1","1","1","2","3",NA,"1","1","1","81",NA,NA,NA,"55","1","1","1"
"747",747,NA,NA,"1","1","1","4","1","5","1","1","4","4",NA,"1","1","1","5",NA,NA,NA,"7","1","1","1"
"748",748,NA,NA,"1","1","1","3","1","5","4","5","2","4",NA,"1","1","1","1",NA,NA,NA,"34","1","1","1"
"749",749,NA,NA,"1","1","1","3","1","1","1","1","4","4",NA,"1","1","1","5",NA,NA,NA,"77","1","1","1"
"750",750,NA,NA,"1","1","1","3","1","1","1","1","4","4",NA,"1","1","1","6",NA,NA,NA,"1","1","1","1"
"751",751,NA,NA,"1","1","1","3","1","1","1","1","4","4",NA,"1","1","1","17",NA,NA,NA,"7","1","1","1"
"752",752,NA,NA,"1","1","1","4","1","1","1","1","4","4",NA,"1","1","1","12",NA,NA,NA,"51","1","1","1"
"753",753,NA,NA,"1","1","1","4","1","2","1","1","4","1",NA,"1","1","1","60",NA,NA,NA,"40","1","1","1"
"754",754,NA,NA,"1","1","1","5","1","1","4","2","1","3",NA,"1","1","1","34",NA,NA,NA,"8","1","1","1"
"755",755,NA,NA,"1","1","1","4","1","5","1","1","2","3",NA,"1","1","1","43",NA,NA,NA,"19","1","1","1"
"756",756,NA,NA,"1","1","1","3","1","5","4","5","2","3",NA,"1","1","1","17",NA,NA,NA,"34","1","1","1"
"757",757,NA,NA,"1","1","1","3","1","1","1","1","2","4",NA,"1","1","1","19",NA,NA,NA,NA,"1","1","1"
"758",758,NA,NA,"1","1","1","3","1","1","1","1","4","4",NA,"1","1","1","28",NA,NA,NA,NA,"1","1","1"
"759",759,NA,NA,"1","1","1","3","1","1","6","4","5","6",NA,"1","1","2","17",NA,NA,NA,NA,"4","1","1"
"760",760,NA,NA,"1","1","1","4","1","1","1","1","4","4",NA,"1","1","8","43",NA,NA,NA,NA,"3","1","1"
"761",761,NA,NA,"1","1","1","4","1","5","2","4","5","1",NA,"1","1","8","60",NA,NA,NA,NA,"1","1","1"
"762",762,NA,NA,"15","6","1","5","1","5","4","5","2","3",NA,"1","2","1","1",NA,NA,NA,NA,"1","1","1"
"763",763,NA,NA,"3","3","1","2","2","1","1","1","4","4",NA,"2","4","1","48",NA,NA,NA,NA,"1","1","2"
"764",764,NA,NA,"6","3","2","6","4","1","1","1","2","2",NA,"3","3","1","35",NA,NA,NA,NA,"1","1","1"
"765",765,NA,NA,"4","1","4","6","1","7","3","3","3","2",NA,"2","4","2","19",NA,NA,NA,NA,"1","1","1"
"766",766,NA,NA,"1","1","4","4","6","6","3","3","3","5",NA,"3","1","1","49",NA,NA,NA,NA,"1","1","1"
"767",767,NA,NA,"9","1","1","5","1","5","1","1","2","3",NA,"1","4","1","12",NA,NA,NA,NA,"1","1","1"
"768",768,NA,NA,"1","7","1","6","4","5","4","5","2","3",NA,"4","1","1","10",NA,NA,NA,NA,"1","1","2"
"769",769,NA,NA,"3","1","1","6","3","6","1","1","2","5",NA,"1","4","3","64",NA,NA,NA,NA,"1","1","1"
"770",770,NA,NA,"1","1","4","5","1","6","3","3","3","5",NA,"3","1","1","11",NA,NA,NA,NA,"1","1","1"
"771",771,NA,NA,"1","1","1","5","1","1","4","2","1","3",NA,"1","1","1","17",NA,NA,NA,NA,"1","1","1"
"772",772,NA,NA,"1","1","1","4","3","1","1","1","2","3",NA,"1","1","1","3",NA,NA,NA,NA,"1","1","1"
"773",773,NA,NA,"1","1","1","4","1","1","1","1","2","3",NA,"1","1","1","2",NA,NA,NA,NA,"1","1","1"
"774",774,NA,NA,"1","1","1","4","1","2","4","2","1","1",NA,"1","1","1","40",NA,NA,NA,NA,"1","1","1"
"775",775,NA,NA,"1","1","1","4","1","5","1","1","4","3",NA,"1","1","1","31",NA,NA,NA,NA,"1","1","1"
"776",776,NA,NA,"1","1","1","4","1","5","1","1","2","3",NA,"1","1","1",NA,NA,NA,NA,NA,"1","1","1"
"777",777,NA,NA,"1","1","1","4","3","5","1","5","2","3",NA,"1","1","1",NA,NA,NA,NA,NA,"1","1","1"
"778",778,NA,NA,"1","1","1","4","1","5","1","1","2","3",NA,"1","1","1",NA,NA,NA,NA,NA,"1","1","1"
"779",779,NA,NA,"1","1","1","4","1","5","4","5","2","3",NA,"1","1","1",NA,NA,NA,NA,NA,"1","1","1"
"780",780,NA,NA,"1","1","1","4","3","5","1","5","2","3",NA,"1","1","1",NA,NA,NA,NA,NA,"1","1","1"
"781",781,NA,NA,"1","1","1","4","3","5","4","5","2","3",NA,"1","1","1",NA,NA,NA,NA,NA,"1","1","1"
"782",782,NA,NA,"1","1","1","4","1","5","4","5","2","1",NA,"1","1","1",NA,NA,NA,NA,NA,"1","1","1"
"783",783,NA,NA,"1","1","1","3","1","1","4","5","1","1",NA,"1","1",NA,NA,NA,NA,NA,NA,NA,"1","1"
"784",784,NA,NA,"1","1","1","3","1","1","1","1","2","4",NA,"1","1",NA,NA,NA,NA,NA,NA,NA,"1","1"
"785",785,NA,NA,"1","1","1","5","1","1","1","1","4","4",NA,"1","4",NA,NA,NA,NA,NA,NA,NA,"1","1"
"786",786,NA,NA,"1",NA,"1","7",NA,"1","1","1","2","3",NA,"1","1",NA,NA,NA,NA,NA,NA,NA,"1",NA
"787",787,NA,NA,NA,NA,"1",NA,NA,"1","1","1","2","3",NA,"1",NA,NA,NA,NA,NA,NA,NA,NA,NA,NA
